Workbook
Name pToday: SETTINGS!$C$5
Name pCurMonth: SETTINGS!$C$6
Name pUtil1: SETTINGS!$C$7
Name pUtil2: SETTINGS!$C$8
Name pUtil3: SETTINGS!$C$9
Name pWarnDays: SETTINGS!$C$10
Name pCapWarn: SETTINGS!$C$11
Name lstMonths: OFFSET(SETTINGS!$B$15,0,0,MAX(1,COUNTA(SETTINGS!$B$15:$B$114)),1)
Name lstBanks: OFFSET(SETTINGS!$C$15,0,0,MAX(1,COUNTA(SETTINGS!$C$15:$C$114)),1)
Name lstCardTypes: OFFSET(SETTINGS!$D$15,0,0,MAX(1,COUNTA(SETTINGS!$D$15:$D$114)),1)
Name lstNetworks: OFFSET(SETTINGS!$E$15,0,0,MAX(1,COUNTA(SETTINGS!$E$15:$E$114)),1)
Name lstCardStatus: OFFSET(SETTINGS!$F$15,0,0,MAX(1,COUNTA(SETTINGS!$F$15:$F$114)),1)
Name lstTxStatus: OFFSET(SETTINGS!$G$15,0,0,MAX(1,COUNTA(SETTINGS!$G$15:$G$114)),1)
Name lstPayStatus: OFFSET(SETTINGS!$H$15,0,0,MAX(1,COUNTA(SETTINGS!$H$15:$H$114)),1)
Name lstCategories: OFFSET(SETTINGS!$I$15,0,0,MAX(1,COUNTA(SETTINGS!$I$15:$I$114)),1)
Name lstCards: OFFSET(CARDS!$A$5,0,0,MAX(1,COUNTA(CARDS!$A$5:$A$34)),1)
Name lstMCC: OFFSET(MCC_MASTER!$A$5,0,0,MAX(1,COUNTA(MCC_MASTER!$A$5:$A$504)),1)
Name lstRuleIDs: OFFSET(CASHBACK_RULES!$A$5,0,0,MAX(1,SUMPRODUCT(--(CASHBACK_RULES!$A$5:$A$304<>""))),1)

Sheet Dashboard
B2: 💳 CREDIT CARD MANAGER
B3: Quản lý nhiều thẻ · hạn mức · sao kê · cashback theo MCC
B4: Tháng đang xem ▸ | D4: =pCurMonth -> 202610 | E4: ← chọn tháng (dropdown). Muốn quay về tự động: nhập =pCurMonth
B5: ĐIỀU HƯỚNG
B6: =HYPERLINK("#CARDS!A1","CARDS") -> CARDS | D6: =HYPERLINK("#CASHBACK_RULES!A1","CASHBACK_RULES") -> CASHBACK_RULES | F6: =HYPERLINK("#MCC_MASTER!A1","MCC_MASTER") -> MCC_MASTER | H6: =HYPERLINK("#TRANSACTIONS_MASTER!A1","TRANSACTIONS") -> TRANSACTIONS | J6: =HYPERLINK("#CARD_TRACKER!A1","CARD_TRACKER") -> CARD_TRACKER | L6: =HYPERLINK("#CAP_TRACKER!A1","CAP_TRACKER") -> CAP_TRACKER | N6: =HYPERLINK("#SETTINGS!A1","SETTINGS") -> SETTINGS
B7: =HYPERLINK("#'2026-01'!A1","2026-01") -> 2026-01 | C7: =HYPERLINK("#'2026-02'!A1","2026-02") -> 2026-02 | D7: =HYPERLINK("#'2026-03'!A1","2026-03") -> 2026-03 | E7: =HYPERLINK("#'2026-04'!A1","2026-04") -> 2026-04 | F7: =HYPERLINK("#'2026-05'!A1","2026-05") -> 2026-05 | G7: =HYPERLINK("#'2026-06'!A1","2026-06") -> 2026-06 | H7: =HYPERLINK("#'2026-07'!A1","2026-07") -> 2026-07 | I7: =HYPERLINK("#'2026-08'!A1","2026-08") -> 2026-08 | J7: =HYPERLINK("#'2026-09'!A1","2026-09") -> 2026-09 | K7: =HYPERLINK("#'2026-10'!A1","2026-10") -> 2026-10 | L7: =HYPERLINK("#'2026-11'!A1","2026-11") -> 2026-11 | M7: =HYPERLINK("#'2026-12'!A1","2026-12") -> 2026-12
B9: TỔNG SỐ THẺ | D9: TỔNG HẠN MỨC TÍN DỤNG | F9: TỔNG DƯ NỢ HIỆN TẠI | H9: HẠN MỨC CÒN LẠI | J9: TỶ LỆ SỬ DỤNG HẠN MỨC | L9: CHI TIÊU TRONG THÁNG | N9: THẺ CHI TIÊU CAO NHẤT
B10: =COUNTIF(CARD_TRACKER!$D$5:$D$34,"Active") -> 6 | D10: =CARD_TRACKER!E36 -> 185000000 | F10: =CARD_TRACKER!F36 -> 54950000 | H10: =CARD_TRACKER!G36 -> 130050000 | J10: =CARD_TRACKER!H36 -> 0.29702703 | L10: =SUMIFS(TRANSACTIONS_MASTER!$L$5:$L$1204,TRANSACTIONS_MASTER!$C$5:$C$1204,$D$4,TRANSACTIONS_MASTER!$U$5:$U$1204,"<>Cancelled") -> 54150000 | N10: =IF(MAX($D$84:$D$113)>0,INDEX($B$84:$B$113,MATCH(MAX($D$84:$D$113),$D$84:$D$113,0)),"—") -> VPBank JCB Z Card
B11: ="Active / tổng "&COUNTA(CARDS!$A$5:$A$34)&" thẻ" -> Active / tổng 6 thẻ | D11: thẻ Active | F11: chưa thanh toán | H11: khả dụng | J11: =CARD_TRACKER!I36 -> ● Bình thường | L11: ="Tháng "&INT($D$4/100)&"-"&TEXT(MOD($D$4,100),"00") -> Tháng 2026-10 | N11: =IF(MAX($D$84:$D$113)>0,TEXT(MAX($D$84:$D$113),"#,##0")&" ₫","") -> 16,800,000 ₫
B13: CASHBACK DỰ KIẾN | D13: CASHBACK THỰC TẾ | F13: CASHBACK CÒN CÓ THỂ NHẬN | H13: THẺ CASHBACK CAO NHẤT | J13: THẺ GẦN ĐẠT HẠN MỨC | L13: THẺ GẦN ĐẠT CASHBACK CAP | N13: THẺ CẦN CHÚ Ý THANH TOÁN
B14: =SUMIFS(TRANSACTIONS_MASTER!$O$5:$O$1204,TRANSACTIONS_MASTER!$C$5:$C$1204,$D$4) -> 5325000 | D14: =SUMIFS(TRANSACTIONS_MASTER!$Q$5:$Q$1204,TRANSACTIONS_MASTER!$C$5:$C$1204,$D$4) -> 3880000 | F14: =SUM(CAP_TRACKER!$H$60:$H$89) -> 620000 | H14: =IF(MAX($E$84:$E$113)>0,INDEX($B$84:$B$113,MATCH(MAX($E$84:$E$113),$E$84:$E$113,0)),"—") -> VPBank JCB Z Card | J14: =IF(MAX(CARD_TRACKER!$H$5:$H$34)>0,INDEX(CARD_TRACKER!$C$5:$C$34,MATCH(MAX(CARD_TRACKER!$H$5:$H$34),CARD_TRACKER!$H$5:$H$34,0))&" ("&TEXT(MAX(CARD_TRACKER!$H$5:$H$34),"0%")&")","—") -> Cashback Demo D (52%) | L14: =IF(MAX($H$84:$H$113)>0,INDEX($B$84:$B$113,MATCH(MAX($H$84:$H$113),$H$84:$H$113,0))&" ("&TEXT(MAX($H$84:$H$113),"0%")&")","—") -> VPBank JCB Z Card (100%) | N14: =COUNTIF(CARD_TRACKER!$O$5:$O$34,"Quá hạn")+COUNTIF(CARD_TRACKER!$O$5:$O$34,"Đến hạn")+COUNTIF(CARD_TRACKER!$O$5:$O$34,"Sắp đến hạn") -> 1
B15: trước khi áp cap | D15: =IF(B14=0,"đã áp cap",TEXT(D14/B14,"0%")&" so với dự kiến · đã áp cap") -> 73% so với dự kiến · đã áp cap | F15: tối đa còn lại (cap hữu hạn) | H15: =IF(MAX($E$84:$E$113)>0,TEXT(MAX($E$84:$E$113),"#,##0")&" ₫","") -> 1,000,000 ₫ | J15: =COUNTIF(CARD_TRACKER!$H$5:$H$34,">="&pUtil2)&" thẻ ≥ "&TEXT(pUtil2,"0%") -> 0 thẻ ≥ 70% | L15: =COUNTIF($H$84:$H$113,">="&pCapWarn)&" thẻ ≥ "&TEXT(pCapWarn,"0%")&" cap" -> 4 thẻ ≥ 80% cap | N15: =COUNTIF(CARD_TRACKER!$O$5:$O$34,"Quá hạn")&" quá hạn · "&COUNTIF(CARD_TRACKER!$O$5:$O$34,"Đến hạn")&" đến hạn · "&COUNTIF(CARD_TRACKER!$O$5:$O$34,"Sắp đến hạn")&" sắp đến" -> 0 quá hạn · 0 đến hạn · 1 sắp đến
B17: BIỂU ĐỒ
B82: TÌNH TRẠNG TỪNG THẺ — tháng đang xem (dữ liệu cho biểu đồ)
B83: Thẻ | D83: Chi tiêu tháng | E83: Cashback tháng | F83: Cap thẻ / tháng | G83: Cap còn lại | H83: % cap | I83: Hạn mức | J83: Dư nợ | K83: Khả dụng | L83: Utilization | M83: Mức | N83: Thanh toán
B84: =IF(CAP_TRACKER!$C60="","",CAP_TRACKER!D60) -> VPBank JCB Z Card | D84: =IF(CAP_TRACKER!$C60="","",CAP_TRACKER!E60) -> 16800000 | E84: =IF(CAP_TRACKER!$C60="","",CAP_TRACKER!F60) -> 1000000 | F84: =IF(CAP_TRACKER!$C60="","",CAP_TRACKER!G60) -> 1000000 | G84: =IF(CAP_TRACKER!$C60="","",CAP_TRACKER!H60) -> 0 | H84: =IF(CAP_TRACKER!$C60="","",CAP_TRACKER!I60) -> 1 | I84: =IF(CAP_TRACKER!$C60="","",CARD_TRACKER!E5) -> 50000000 | J84: =IF(CAP_TRACKER!$C60="","",CARD_TRACKER!F5) -> 16800000 | K84: =IF(CAP_TRACKER!$C60="","",CARD_TRACKER!G5) -> 33200000 | L84: =IF(CAP_TRACKER!$C60="","",CARD_TRACKER!H5) -> 0.336 | M84: =IF(CAP_TRACKER!$C60="","",CARD_TRACKER!I5) -> ● Bình thường | N84: =IF(CAP_TRACKER!$C60="","",CARD_TRACKER!O5) -> Đã thanh toán
B85: =IF(CAP_TRACKER!$C61="","",CAP_TRACKER!D61) -> VIB Cashback Demo A | D85: =IF(CAP_TRACKER!$C61="","",CAP_TRACKER!E61) -> 11500000 | E85: =IF(CAP_TRACKER!$C61="","",CAP_TRACKER!F61) -> 1000000 | F85: =IF(CAP_TRACKER!$C61="","",CAP_TRACKER!G61) -> 1000000 | G85: =IF(CAP_TRACKER!$C61="","",CAP_TRACKER!H61) -> 0 | H85: =IF(CAP_TRACKER!$C61="","",CAP_TRACKER!I61) -> 1 | I85: =IF(CAP_TRACKER!$C61="","",CARD_TRACKER!E6) -> 30000000 | J85: =IF(CAP_TRACKER!$C61="","",CARD_TRACKER!F6) -> 11500000 | K85: =IF(CAP_TRACKER!$C61="","",CARD_TRACKER!G6) -> 18500000 | L85: =IF(CAP_TRACKER!$C61="","",CARD_TRACKER!H6) -> 0.38333333 | M85: =IF(CAP_TRACKER!$C61="","",CARD_TRACKER!I6) -> ● Bình thường | N85: =IF(CAP_TRACKER!$C61="","",CARD_TRACKER!O6) -> Chưa đến hạn
B86: =IF(CAP_TRACKER!$C62="","",CAP_TRACKER!D62) -> Techcombank Cashback Demo B | D86: =IF(CAP_TRACKER!$C62="","",CAP_TRACKER!E62) -> 8300000 | E86: =IF(CAP_TRACKER!$C62="","",CAP_TRACKER!F62) -> 390000 | F86: =IF(CAP_TRACKER!$C62="","",CAP_TRACKER!G62) -> 2000000 | G86: =IF(CAP_TRACKER!$C62="","",CAP_TRACKER!H62) -> 510000 | H86: =IF(CAP_TRACKER!$C62="","",CAP_TRACKER!I62) -> 0.195 | I86: =IF(CAP_TRACKER!$C62="","",CARD_TRACKER!E7) -> 40000000 | J86: =IF(CAP_TRACKER!$C62="","",CARD_TRACKER!F7) -> 8300000 | K86: =IF(CAP_TRACKER!$C62="","",CARD_TRACKER!G7) -> 31700000 | L86: =IF(CAP_TRACKER!$C62="","",CARD_TRACKER!H7) -> 0.2075 | M86: =IF(CAP_TRACKER!$C62="","",CARD_TRACKER!I7) -> ● Bình thường | N86: =IF(CAP_TRACKER!$C62="","",CARD_TRACKER!O7) -> Đã thanh toán
B87: =IF(CAP_TRACKER!$C63="","",CAP_TRACKER!D63) -> UOB Cashback Demo C | D87: =IF(CAP_TRACKER!$C63="","",CAP_TRACKER!E63) -> 7000000 | E87: =IF(CAP_TRACKER!$C63="","",CAP_TRACKER!F63) -> 1000000 | F87: =IF(CAP_TRACKER!$C63="","",CAP_TRACKER!G63) -> ∞ | G87: =IF(CAP_TRACKER!$C63="","",CAP_TRACKER!H63) -> 0 | H87: =IF(CAP_TRACKER!$C63="","",CAP_TRACKER!I63) -> 1 | I87: =IF(CAP_TRACKER!$C63="","",CARD_TRACKER!E8) -> 25000000 | J87: =IF(CAP_TRACKER!$C63="","",CARD_TRACKER!F8) -> 7000000 | K87: =IF(CAP_TRACKER!$C63="","",CARD_TRACKER!G8) -> 18000000 | L87: =IF(CAP_TRACKER!$C63="","",CARD_TRACKER!H8) -> 0.28 | M87: =IF(CAP_TRACKER!$C63="","",CARD_TRACKER!I8) -> ● Bình thường | N87: =IF(CAP_TRACKER!$C63="","",CARD_TRACKER!O8) -> Đã thanh toán
B88: =IF(CAP_TRACKER!$C64="","",CAP_TRACKER!D64) -> MB Cashback Demo D | D88: =IF(CAP_TRACKER!$C64="","",CAP_TRACKER!E64) -> 9550000 | E88: =IF(CAP_TRACKER!$C64="","",CAP_TRACKER!F64) -> 490000 | F88: =IF(CAP_TRACKER!$C64="","",CAP_TRACKER!G64) -> 600000 | G88: =IF(CAP_TRACKER!$C64="","",CAP_TRACKER!H64) -> 110000 | H88: =IF(CAP_TRACKER!$C64="","",CAP_TRACKER!I64) -> 0.81666667 | I88: =IF(CAP_TRACKER!$C64="","",CARD_TRACKER!E9) -> 20000000 | J88: =IF(CAP_TRACKER!$C64="","",CARD_TRACKER!F9) -> 10350000 | K88: =IF(CAP_TRACKER!$C64="","",CARD_TRACKER!G9) -> 9650000 | L88: =IF(CAP_TRACKER!$C64="","",CARD_TRACKER!H9) -> 0.5175 | M88: =IF(CAP_TRACKER!$C64="","",CARD_TRACKER!I9) -> ● Cảnh báo nhẹ | N88: =IF(CAP_TRACKER!$C64="","",CARD_TRACKER!O9) -> Sắp đến hạn
B89: =IF(CAP_TRACKER!$C65="","",CAP_TRACKER!D65) -> ACB Demo E (không cashback) | D89: =IF(CAP_TRACKER!$C65="","",CAP_TRACKER!E65) -> 1000000 | E89: =IF(CAP_TRACKER!$C65="","",CAP_TRACKER!F65) -> 0 | F89: =IF(CAP_TRACKER!$C65="","",CAP_TRACKER!G65) -> ∞ | G89: =IF(CAP_TRACKER!$C65="","",CAP_TRACKER!H65) -> 0 | H89: =IF(CAP_TRACKER!$C65="","",CAP_TRACKER!I65) -> 0 | I89: =IF(CAP_TRACKER!$C65="","",CARD_TRACKER!E10) -> 20000000 | J89: =IF(CAP_TRACKER!$C65="","",CARD_TRACKER!F10) -> 1000000 | K89: =IF(CAP_TRACKER!$C65="","",CARD_TRACKER!G10) -> 19000000 | L89: =IF(CAP_TRACKER!$C65="","",CARD_TRACKER!H10) -> 0.05 | M89: =IF(CAP_TRACKER!$C65="","",CARD_TRACKER!I10) -> ● Bình thường | N89: =IF(CAP_TRACKER!$C65="","",CARD_TRACKER!O10) -> Đã thanh toán
B90: =IF(CAP_TRACKER!$C66="","",CAP_TRACKER!D66) | D90: =IF(CAP_TRACKER!$C66="","",CAP_TRACKER!E66) | E90: =IF(CAP_TRACKER!$C66="","",CAP_TRACKER!F66) | F90: =IF(CAP_TRACKER!$C66="","",CAP_TRACKER!G66) | G90: =IF(CAP_TRACKER!$C66="","",CAP_TRACKER!H66) | H90: =IF(CAP_TRACKER!$C66="","",CAP_TRACKER!I66) | I90: =IF(CAP_TRACKER!$C66="","",CARD_TRACKER!E11) | J90: =IF(CAP_TRACKER!$C66="","",CARD_TRACKER!F11) | K90: =IF(CAP_TRACKER!$C66="","",CARD_TRACKER!G11) | L90: =IF(CAP_TRACKER!$C66="","",CARD_TRACKER!H11) | M90: =IF(CAP_TRACKER!$C66="","",CARD_TRACKER!I11) | N90: =IF(CAP_TRACKER!$C66="","",CARD_TRACKER!O11)
B91: =IF(CAP_TRACKER!$C67="","",CAP_TRACKER!D67) | D91: =IF(CAP_TRACKER!$C67="","",CAP_TRACKER!E67) | E91: =IF(CAP_TRACKER!$C67="","",CAP_TRACKER!F67) | F91: =IF(CAP_TRACKER!$C67="","",CAP_TRACKER!G67) | G91: =IF(CAP_TRACKER!$C67="","",CAP_TRACKER!H67) | H91: =IF(CAP_TRACKER!$C67="","",CAP_TRACKER!I67) | I91: =IF(CAP_TRACKER!$C67="","",CARD_TRACKER!E12) | J91: =IF(CAP_TRACKER!$C67="","",CARD_TRACKER!F12) | K91: =IF(CAP_TRACKER!$C67="","",CARD_TRACKER!G12) | L91: =IF(CAP_TRACKER!$C67="","",CARD_TRACKER!H12) | M91: =IF(CAP_TRACKER!$C67="","",CARD_TRACKER!I12) | N91: =IF(CAP_TRACKER!$C67="","",CARD_TRACKER!O12)
B92: =IF(CAP_TRACKER!$C68="","",CAP_TRACKER!D68) | D92: =IF(CAP_TRACKER!$C68="","",CAP_TRACKER!E68) | E92: =IF(CAP_TRACKER!$C68="","",CAP_TRACKER!F68) | F92: =IF(CAP_TRACKER!$C68="","",CAP_TRACKER!G68) | G92: =IF(CAP_TRACKER!$C68="","",CAP_TRACKER!H68) | H92: =IF(CAP_TRACKER!$C68="","",CAP_TRACKER!I68) | I92: =IF(CAP_TRACKER!$C68="","",CARD_TRACKER!E13) | J92: =IF(CAP_TRACKER!$C68="","",CARD_TRACKER!F13) | K92: =IF(CAP_TRACKER!$C68="","",CARD_TRACKER!G13) | L92: =IF(CAP_TRACKER!$C68="","",CARD_TRACKER!H13) | M92: =IF(CAP_TRACKER!$C68="","",CARD_TRACKER!I13) | N92: =IF(CAP_TRACKER!$C68="","",CARD_TRACKER!O13)
B93: =IF(CAP_TRACKER!$C69="","",CAP_TRACKER!D69) | D93: =IF(CAP_TRACKER!$C69="","",CAP_TRACKER!E69) | E93: =IF(CAP_TRACKER!$C69="","",CAP_TRACKER!F69) | F93: =IF(CAP_TRACKER!$C69="","",CAP_TRACKER!G69) | G93: =IF(CAP_TRACKER!$C69="","",CAP_TRACKER!H69) | H93: =IF(CAP_TRACKER!$C69="","",CAP_TRACKER!I69) | I93: =IF(CAP_TRACKER!$C69="","",CARD_TRACKER!E14) | J93: =IF(CAP_TRACKER!$C69="","",CARD_TRACKER!F14) | K93: =IF(CAP_TRACKER!$C69="","",CARD_TRACKER!G14) | L93: =IF(CAP_TRACKER!$C69="","",CARD_TRACKER!H14) | M93: =IF(CAP_TRACKER!$C69="","",CARD_TRACKER!I14) | N93: =IF(CAP_TRACKER!$C69="","",CARD_TRACKER!O14)
B94: =IF(CAP_TRACKER!$C70="","",CAP_TRACKER!D70) | D94: =IF(CAP_TRACKER!$C70="","",CAP_TRACKER!E70) | E94: =IF(CAP_TRACKER!$C70="","",CAP_TRACKER!F70) | F94: =IF(CAP_TRACKER!$C70="","",CAP_TRACKER!G70) | G94: =IF(CAP_TRACKER!$C70="","",CAP_TRACKER!H70) | H94: =IF(CAP_TRACKER!$C70="","",CAP_TRACKER!I70) | I94: =IF(CAP_TRACKER!$C70="","",CARD_TRACKER!E15) | J94: =IF(CAP_TRACKER!$C70="","",CARD_TRACKER!F15) | K94: =IF(CAP_TRACKER!$C70="","",CARD_TRACKER!G15) | L94: =IF(CAP_TRACKER!$C70="","",CARD_TRACKER!H15) | M94: =IF(CAP_TRACKER!$C70="","",CARD_TRACKER!I15) | N94: =IF(CAP_TRACKER!$C70="","",CARD_TRACKER!O15)
B95: =IF(CAP_TRACKER!$C71="","",CAP_TRACKER!D71) | D95: =IF(CAP_TRACKER!$C71="","",CAP_TRACKER!E71) | E95: =IF(CAP_TRACKER!$C71="","",CAP_TRACKER!F71) | F95: =IF(CAP_TRACKER!$C71="","",CAP_TRACKER!G71) | G95: =IF(CAP_TRACKER!$C71="","",CAP_TRACKER!H71) | H95: =IF(CAP_TRACKER!$C71="","",CAP_TRACKER!I71) | I95: =IF(CAP_TRACKER!$C71="","",CARD_TRACKER!E16) | J95: =IF(CAP_TRACKER!$C71="","",CARD_TRACKER!F16) | K95: =IF(CAP_TRACKER!$C71="","",CARD_TRACKER!G16) | L95: =IF(CAP_TRACKER!$C71="","",CARD_TRACKER!H16) | M95: =IF(CAP_TRACKER!$C71="","",CARD_TRACKER!I16) | N95: =IF(CAP_TRACKER!$C71="","",CARD_TRACKER!O16)
... B113: =IF(CAP_TRACKER!$C89="","",CAP_TRACKER!D89) | D113: =IF(CAP_TRACKER!$C89="","",CAP_TRACKER!E89) | E113: =IF(CAP_TRACKER!$C89="","",CAP_TRACKER!F89) | F113: =IF(CAP_TRACKER!$C89="","",CAP_TRACKER!G89) | G113: =IF(CAP_TRACKER!$C89="","",CAP_TRACKER!H89) | H113: =IF(CAP_TRACKER!$C89="","",CAP_TRACKER!I89) | I113: =IF(CAP_TRACKER!$C89="","",CARD_TRACKER!E34) | J113: =IF(CAP_TRACKER!$C89="","",CARD_TRACKER!F34) | K113: =IF(CAP_TRACKER!$C89="","",CARD_TRACKER!G34) | L113: =IF(CAP_TRACKER!$C89="","",CARD_TRACKER!H34) | M113: =IF(CAP_TRACKER!$C89="","",CARD_TRACKER!I34) | N113: =IF(CAP_TRACKER!$C89="","",CARD_TRACKER!O34)
B116: CHI TIÊU THEO DANH MỤC — tháng đang xem | H116: CHI TIÊU & CASHBACK THEO THÁNG — cả năm
B117: Danh mục | D117: Chi tiêu | E117: Cashback | H117: Tháng | J117: Chi tiêu | K117: Cashback dự kiến | L117: Cashback thực tế | M117: Số GD
B118: =IFERROR(INDEX(TRANSACTIONS_MASTER!$K$5:$K$1204,IFERROR(MATCH(1,INDEX((TRANSACTIONS_MASTER!$C$5:$C$1204=$D$4)*(TRANSACTIONS_MASTER!$AL$5:$AL$1204=1),0),0),"")),"") -> Fitness & Wellness | D118: =IF($B118="","",SUMIFS(TRANSACTIONS_MASTER!$L$5:$L$1204,TRANSACTIONS_MASTER!$K$5:$K$1204,$B118,TRANSACTIONS_MASTER!$C$5:$C$1204,$D$4,TRANSACTIONS_MASTER!$U$5:$U$1204,"<>Cancelled")) -> 10000000 | E118: =IF($B118="","",SUMIFS(TRANSACTIONS_MASTER!$Q$5:$Q$1204,TRANSACTIONS_MASTER!$K$5:$K$1204,$B118,TRANSACTIONS_MASTER!$C$5:$C$1204,$D$4)) -> 500000 | H118: =INT($D$4/100)&"-"&TEXT(1,"00") -> 2026-01 | J118: =SUMIFS(TRANSACTIONS_MASTER!$L$5:$L$1204,TRANSACTIONS_MASTER!$C$5:$C$1204,(INT($D$4/100)*100+1),TRANSACTIONS_MASTER!$U$5:$U$1204,"<>Cancelled") -> 0 | K118: =SUMIFS(TRANSACTIONS_MASTER!$O$5:$O$1204,TRANSACTIONS_MASTER!$C$5:$C$1204,(INT($D$4/100)*100+1)) -> 0 | L118: =SUMIFS(TRANSACTIONS_MASTER!$Q$5:$Q$1204,TRANSACTIONS_MASTER!$C$5:$C$1204,(INT($D$4/100)*100+1)) -> 0 | M118: =COUNTIFS(TRANSACTIONS_MASTER!$C$5:$C$1204,(INT($D$4/100)*100+1),TRANSACTIONS_MASTER!$U$5:$U$1204,"<>Cancelled") -> 0
B119: =IFERROR(INDEX(TRANSACTIONS_MASTER!$K$5:$K$1204,IFERROR(MATCH(1,INDEX((TRANSACTIONS_MASTER!$C$5:$C$1204=$D$4)*(TRANSACTIONS_MASTER!$AL$5:$AL$1204=2),0),0),"")),"") -> Dining | D119: =IF($B119="","",SUMIFS(TRANSACTIONS_MASTER!$L$5:$L$1204,TRANSACTIONS_MASTER!$K$5:$K$1204,$B119,TRANSACTIONS_MASTER!$C$5:$C$1204,$D$4,TRANSACTIONS_MASTER!$U$5:$U$1204,"<>Cancelled")) -> 16800000 | E119: =IF($B119="","",SUMIFS(TRANSACTIONS_MASTER!$Q$5:$Q$1204,TRANSACTIONS_MASTER!$K$5:$K$1204,$B119,TRANSACTIONS_MASTER!$C$5:$C$1204,$D$4)) -> 1850000 | H119: =INT($D$4/100)&"-"&TEXT(2,"00") -> 2026-02 | J119: =SUMIFS(TRANSACTIONS_MASTER!$L$5:$L$1204,TRANSACTIONS_MASTER!$C$5:$C$1204,(INT($D$4/100)*100+2),TRANSACTIONS_MASTER!$U$5:$U$1204,"<>Cancelled") -> 0 | K119: =SUMIFS(TRANSACTIONS_MASTER!$O$5:$O$1204,TRANSACTIONS_MASTER!$C$5:$C$1204,(INT($D$4/100)*100+2)) -> 0 | L119: =SUMIFS(TRANSACTIONS_MASTER!$Q$5:$Q$1204,TRANSACTIONS_MASTER!$C$5:$C$1204,(INT($D$4/100)*100+2)) -> 0 | M119: =COUNTIFS(TRANSACTIONS_MASTER!$C$5:$C$1204,(INT($D$4/100)*100+2),TRANSACTIONS_MASTER!$U$5:$U$1204,"<>Cancelled") -> 0
B120: =IFERROR(INDEX(TRANSACTIONS_MASTER!$K$5:$K$1204,IFERROR(MATCH(1,INDEX((TRANSACTIONS_MASTER!$C$5:$C$1204=$D$4)*(TRANSACTIONS_MASTER!$AL$5:$AL$1204=3),0),0),"")),"") -> Groceries | D120: =IF($B120="","",SUMIFS(TRANSACTIONS_MASTER!$L$5:$L$1204,TRANSACTIONS_MASTER!$K$5:$K$1204,$B120,TRANSACTIONS_MASTER!$C$5:$C$1204,$D$4,TRANSACTIONS_MASTER!$U$5:$U$1204,"<>Cancelled")) -> 7050000 | E120: =IF($B120="","",SUMIFS(TRANSACTIONS_MASTER!$Q$5:$Q$1204,TRANSACTIONS_MASTER!$K$5:$K$1204,$B120,TRANSACTIONS_MASTER!$C$5:$C$1204,$D$4)) -> 530000 | H120: =INT($D$4/100)&"-"&TEXT(3,"00") -> 2026-03 | J120: =SUMIFS(TRANSACTIONS_MASTER!$L$5:$L$1204,TRANSACTIONS_MASTER!$C$5:$C$1204,(INT($D$4/100)*100+3),TRANSACTIONS_MASTER!$U$5:$U$1204,"<>Cancelled") -> 0 | K120: =SUMIFS(TRANSACTIONS_MASTER!$O$5:$O$1204,TRANSACTIONS_MASTER!$C$5:$C$1204,(INT($D$4/100)*100+3)) -> 0 | L120: =SUMIFS(TRANSACTIONS_MASTER!$Q$5:$Q$1204,TRANSACTIONS_MASTER!$C$5:$C$1204,(INT($D$4/100)*100+3)) -> 0 | M120: =COUNTIFS(TRANSACTIONS_MASTER!$C$5:$C$1204,(INT($D$4/100)*100+3),TRANSACTIONS_MASTER!$U$5:$U$1204,"<>Cancelled") -> 0
B121: =IFERROR(INDEX(TRANSACTIONS_MASTER!$K$5:$K$1204,IFERROR(MATCH(1,INDEX((TRANSACTIONS_MASTER!$C$5:$C$1204=$D$4)*(TRANSACTIONS_MASTER!$AL$5:$AL$1204=4),0),0),"")),"") -> Fuel | D121: =IF($B121="","",SUMIFS(TRANSACTIONS_MASTER!$L$5:$L$1204,TRANSACTIONS_MASTER!$K$5:$K$1204,$B121,TRANSACTIONS_MASTER!$C$5:$C$1204,$D$4,TRANSACTIONS_MASTER!$U$5:$U$1204,"<>Cancelled")) -> 8500000 | E121: =IF($B121="","",SUMIFS(TRANSACTIONS_MASTER!$Q$5:$Q$1204,TRANSACTIONS_MASTER!$K$5:$K$1204,$B121,TRANSACTIONS_MASTER!$C$5:$C$1204,$D$4)) -> 360000 | H121: =INT($D$4/100)&"-"&TEXT(4,"00") -> 2026-04 | J121: =SUMIFS(TRANSACTIONS_MASTER!$L$5:$L$1204,TRANSACTIONS_MASTER!$C$5:$C$1204,(INT($D$4/100)*100+4),TRANSACTIONS_MASTER!$U$5:$U$1204,"<>Cancelled") -> 0 | K121: =SUMIFS(TRANSACTIONS_MASTER!$O$5:$O$1204,TRANSACTIONS_MASTER!$C$5:$C$1204,(INT($D$4/100)*100+4)) -> 0 | L121: =SUMIFS(TRANSACTIONS_MASTER!$Q$5:$Q$1204,TRANSACTIONS_MASTER!$C$5:$C$1204,(INT($D$4/100)*100+4)) -> 0 | M121: =COUNTIFS(TRANSACTIONS_MASTER!$C$5:$C$1204,(INT($D$4/100)*100+4),TRANSACTIONS_MASTER!$U$5:$U$1204,"<>Cancelled") -> 0
B122: =IFERROR(INDEX(TRANSACTIONS_MASTER!$K$5:$K$1204,IFERROR(MATCH(1,INDEX((TRANSACTIONS_MASTER!$C$5:$C$1204=$D$4)*(TRANSACTIONS_MASTER!$AL$5:$AL$1204=5),0),0),"")),"") -> Shopping | D122: =IF($B122="","",SUMIFS(TRANSACTIONS_MASTER!$L$5:$L$1204,TRANSACTIONS_MASTER!$K$5:$K$1204,$B122,TRANSACTIONS_MASTER!$C$5:$C$1204,$D$4,TRANSACTIONS_MASTER!$U$5:$U$1204,"<>Cancelled")) -> 9000000 | E122: =IF($B122="","",SUMIFS(TRANSACTIONS_MASTER!$Q$5:$Q$1204,TRANSACTIONS_MASTER!$K$5:$K$1204,$B122,TRANSACTIONS_MASTER!$C$5:$C$1204,$D$4)) -> 500000 | H122: =INT($D$4/100)&"-"&TEXT(5,"00") -> 2026-05 | J122: =SUMIFS(TRANSACTIONS_MASTER!$L$5:$L$1204,TRANSACTIONS_MASTER!$C$5:$C$1204,(INT($D$4/100)*100+5),TRANSACTIONS_MASTER!$U$5:$U$1204,"<>Cancelled") -> 0 | K122: =SUMIFS(TRANSACTIONS_MASTER!$O$5:$O$1204,TRANSACTIONS_MASTER!$C$5:$C$1204,(INT($D$4/100)*100+5)) -> 0 | L122: =SUMIFS(TRANSACTIONS_MASTER!$Q$5:$Q$1204,TRANSACTIONS_MASTER!$C$5:$C$1204,(INT($D$4/100)*100+5)) -> 0 | M122: =COUNTIFS(TRANSACTIONS_MASTER!$C$5:$C$1204,(INT($D$4/100)*100+5),TRANSACTIONS_MASTER!$U$5:$U$1204,"<>Cancelled") -> 0
B123: =IFERROR(INDEX(TRANSACTIONS_MASTER!$K$5:$K$1204,IFERROR(MATCH(1,INDEX((TRANSACTIONS_MASTER!$C$5:$C$1204=$D$4)*(TRANSACTIONS_MASTER!$AL$5:$AL$1204=6),0),0),"")),"") -> Transport | D123: =IF($B123="","",SUMIFS(TRANSACTIONS_MASTER!$L$5:$L$1204,TRANSACTIONS_MASTER!$K$5:$K$1204,$B123,TRANSACTIONS_MASTER!$C$5:$C$1204,$D$4,TRANSACTIONS_MASTER!$U$5:$U$1204,"<>Cancelled")) -> 1000000 | E123: =IF($B123="","",SUMIFS(TRANSACTIONS_MASTER!$Q$5:$Q$1204,TRANSACTIONS_MASTER!$K$5:$K$1204,$B123,TRANSACTIONS_MASTER!$C$5:$C$1204,$D$4)) -> 50000 | H123: =INT($D$4/100)&"-"&TEXT(6,"00") -> 2026-06 | J123: =SUMIFS(TRANSACTIONS_MASTER!$L$5:$L$1204,TRANSACTIONS_MASTER!$C$5:$C$1204,(INT($D$4/100)*100+6),TRANSACTIONS_MASTER!$U$5:$U$1204,"<>Cancelled") -> 0 | K123: =SUMIFS(TRANSACTIONS_MASTER!$O$5:$O$1204,TRANSACTIONS_MASTER!$C$5:$C$1204,(INT($D$4/100)*100+6)) -> 0 | L123: =SUMIFS(TRANSACTIONS_MASTER!$Q$5:$Q$1204,TRANSACTIONS_MASTER!$C$5:$C$1204,(INT($D$4/100)*100+6)) -> 0 | M123: =COUNTIFS(TRANSACTIONS_MASTER!$C$5:$C$1204,(INT($D$4/100)*100+6),TRANSACTIONS_MASTER!$U$5:$U$1204,"<>Cancelled") -> 0
B124: =IFERROR(INDEX(TRANSACTIONS_MASTER!$K$5:$K$1204,IFERROR(MATCH(1,INDEX((TRANSACTIONS_MASTER!$C$5:$C$1204=$D$4)*(TRANSACTIONS_MASTER!$AL$5:$AL$1204=7),0),0),"")),"") -> Healthcare | D124: =IF($B124="","",SUMIFS(TRANSACTIONS_MASTER!$L$5:$L$1204,TRANSACTIONS_MASTER!$K$5:$K$1204,$B124,TRANSACTIONS_MASTER!$C$5:$C$1204,$D$4,TRANSACTIONS_MASTER!$U$5:$U$1204,"<>Cancelled")) -> 1500000 | E124: =IF($B124="","",SUMIFS(TRANSACTIONS_MASTER!$Q$5:$Q$1204,TRANSACTIONS_MASTER!$K$5:$K$1204,$B124,TRANSACTIONS_MASTER!$C$5:$C$1204,$D$4)) -> 75000 | H124: =INT($D$4/100)&"-"&TEXT(7,"00") -> 2026-07 | J124: =SUMIFS(TRANSACTIONS_MASTER!$L$5:$L$1204,TRANSACTIONS_MASTER!$C$5:$C$1204,(INT($D$4/100)*100+7),TRANSACTIONS_MASTER!$U$5:$U$1204,"<>Cancelled") -> 0 | K124: =SUMIFS(TRANSACTIONS_MASTER!$O$5:$O$1204,TRANSACTIONS_MASTER!$C$5:$C$1204,(INT($D$4/100)*100+7)) -> 0 | L124: =SUMIFS(TRANSACTIONS_MASTER!$Q$5:$Q$1204,TRANSACTIONS_MASTER!$C$5:$C$1204,(INT($D$4/100)*100+7)) -> 0 | M124: =COUNTIFS(TRANSACTIONS_MASTER!$C$5:$C$1204,(INT($D$4/100)*100+7),TRANSACTIONS_MASTER!$U$5:$U$1204,"<>Cancelled") -> 0
B125: =IFERROR(INDEX(TRANSACTIONS_MASTER!$K$5:$K$1204,IFERROR(MATCH(1,INDEX((TRANSACTIONS_MASTER!$C$5:$C$1204=$D$4)*(TRANSACTIONS_MASTER!$AL$5:$AL$1204=8),0),0),"")),"") -> Utilities & Telecom | D125: =IF($B125="","",SUMIFS(TRANSACTIONS_MASTER!$L$5:$L$1204,TRANSACTIONS_MASTER!$K$5:$K$1204,$B125,TRANSACTIONS_MASTER!$C$5:$C$1204,$D$4,TRANSACTIONS_MASTER!$U$5:$U$1204,"<>Cancelled")) -> 300000 | E125: =IF($B125="","",SUMIFS(TRANSACTIONS_MASTER!$Q$5:$Q$1204,TRANSACTIONS_MASTER!$K$5:$K$1204,$B125,TRANSACTIONS_MASTER!$C$5:$C$1204,$D$4)) -> 15000 | H125: =INT($D$4/100)&"-"&TEXT(8,"00") -> 2026-08 | J125: =SUMIFS(TRANSACTIONS_MASTER!$L$5:$L$1204,TRANSACTIONS_MASTER!$C$5:$C$1204,(INT($D$4/100)*100+8),TRANSACTIONS_MASTER!$U$5:$U$1204,"<>Cancelled") -> 0 | K125: =SUMIFS(TRANSACTIONS_MASTER!$O$5:$O$1204,TRANSACTIONS_MASTER!$C$5:$C$1204,(INT($D$4/100)*100+8)) -> 0 | L125: =SUMIFS(TRANSACTIONS_MASTER!$Q$5:$Q$1204,TRANSACTIONS_MASTER!$C$5:$C$1204,(INT($D$4/100)*100+8)) -> 0 | M125: =COUNTIFS(TRANSACTIONS_MASTER!$C$5:$C$1204,(INT($D$4/100)*100+8),TRANSACTIONS_MASTER!$U$5:$U$1204,"<>Cancelled") -> 0
B126: =IFERROR(INDEX(TRANSACTIONS_MASTER!$K$5:$K$1204,IFERROR(MATCH(1,INDEX((TRANSACTIONS_MASTER!$C$5:$C$1204=$D$4)*(TRANSACTIONS_MASTER!$AL$5:$AL$1204=9),0),0),"")),"") | D126: =IF($B126="","",SUMIFS(TRANSACTIONS_MASTER!$L$5:$L$1204,TRANSACTIONS_MASTER!$K$5:$K$1204,$B126,TRANSACTIONS_MASTER!$C$5:$C$1204,$D$4,TRANSACTIONS_MASTER!$U$5:$U$1204,"<>Cancelled")) | E126: =IF($B126="","",SUMIFS(TRANSACTIONS_MASTER!$Q$5:$Q$1204,TRANSACTIONS_MASTER!$K$5:$K$1204,$B126,TRANSACTIONS_MASTER!$C$5:$C$1204,$D$4)) | H126: =INT($D$4/100)&"-"&TEXT(9,"00") -> 2026-09 | J126: =SUMIFS(TRANSACTIONS_MASTER!$L$5:$L$1204,TRANSACTIONS_MASTER!$C$5:$C$1204,(INT($D$4/100)*100+9),TRANSACTIONS_MASTER!$U$5:$U$1204,"<>Cancelled") -> 9650000 | K126: =SUMIFS(TRANSACTIONS_MASTER!$O$5:$O$1204,TRANSACTIONS_MASTER!$C$5:$C$1204,(INT($D$4/100)*100+9)) -> 1098500 | L126: =SUMIFS(TRANSACTIONS_MASTER!$Q$5:$Q$1204,TRANSACTIONS_MASTER!$C$5:$C$1204,(INT($D$4/100)*100+9)) -> 826000 | M126: =COUNTIFS(TRANSACTIONS_MASTER!$C$5:$C$1204,(INT($D$4/100)*100+9),TRANSACTIONS_MASTER!$U$5:$U$1204,"<>Cancelled") -> 6
B127: =IFERROR(INDEX(TRANSACTIONS_MASTER!$K$5:$K$1204,IFERROR(MATCH(1,INDEX((TRANSACTIONS_MASTER!$C$5:$C$1204=$D$4)*(TRANSACTIONS_MASTER!$AL$5:$AL$1204=10),0),0),"")),"") | D127: =IF($B127="","",SUMIFS(TRANSACTIONS_MASTER!$L$5:$L$1204,TRANSACTIONS_MASTER!$K$5:$K$1204,$B127,TRANSACTIONS_MASTER!$C$5:$C$1204,$D$4,TRANSACTIONS_MASTER!$U$5:$U$1204,"<>Cancelled")) | E127: =IF($B127="","",SUMIFS(TRANSACTIONS_MASTER!$Q$5:$Q$1204,TRANSACTIONS_MASTER!$K$5:$K$1204,$B127,TRANSACTIONS_MASTER!$C$5:$C$1204,$D$4)) | H127: =INT($D$4/100)&"-"&TEXT(10,"00") -> 2026-10 | J127: =SUMIFS(TRANSACTIONS_MASTER!$L$5:$L$1204,TRANSACTIONS_MASTER!$C$5:$C$1204,(INT($D$4/100)*100+10),TRANSACTIONS_MASTER!$U$5:$U$1204,"<>Cancelled") -> 54150000 | K127: =SUMIFS(TRANSACTIONS_MASTER!$O$5:$O$1204,TRANSACTIONS_MASTER!$C$5:$C$1204,(INT($D$4/100)*100+10)) -> 5325000 | L127: =SUMIFS(TRANSACTIONS_MASTER!$Q$5:$Q$1204,TRANSACTIONS_MASTER!$C$5:$C$1204,(INT($D$4/100)*100+10)) -> 3880000 | M127: =COUNTIFS(TRANSACTIONS_MASTER!$C$5:$C$1204,(INT($D$4/100)*100+10),TRANSACTIONS_MASTER!$U$5:$U$1204,"<>Cancelled") -> 23
B128: =IFERROR(INDEX(TRANSACTIONS_MASTER!$K$5:$K$1204,IFERROR(MATCH(1,INDEX((TRANSACTIONS_MASTER!$C$5:$C$1204=$D$4)*(TRANSACTIONS_MASTER!$AL$5:$AL$1204=11),0),0),"")),"") | D128: =IF($B128="","",SUMIFS(TRANSACTIONS_MASTER!$L$5:$L$1204,TRANSACTIONS_MASTER!$K$5:$K$1204,$B128,TRANSACTIONS_MASTER!$C$5:$C$1204,$D$4,TRANSACTIONS_MASTER!$U$5:$U$1204,"<>Cancelled")) | E128: =IF($B128="","",SUMIFS(TRANSACTIONS_MASTER!$Q$5:$Q$1204,TRANSACTIONS_MASTER!$K$5:$K$1204,$B128,TRANSACTIONS_MASTER!$C$5:$C$1204,$D$4)) | H128: =INT($D$4/100)&"-"&TEXT(11,"00") -> 2026-11 | J128: =SUMIFS(TRANSACTIONS_MASTER!$L$5:$L$1204,TRANSACTIONS_MASTER!$C$5:$C$1204,(INT($D$4/100)*100+11),TRANSACTIONS_MASTER!$U$5:$U$1204,"<>Cancelled") -> 0 | K128: =SUMIFS(TRANSACTIONS_MASTER!$O$5:$O$1204,TRANSACTIONS_MASTER!$C$5:$C$1204,(INT($D$4/100)*100+11)) -> 0 | L128: =SUMIFS(TRANSACTIONS_MASTER!$Q$5:$Q$1204,TRANSACTIONS_MASTER!$C$5:$C$1204,(INT($D$4/100)*100+11)) -> 0 | M128: =COUNTIFS(TRANSACTIONS_MASTER!$C$5:$C$1204,(INT($D$4/100)*100+11),TRANSACTIONS_MASTER!$U$5:$U$1204,"<>Cancelled") -> 0
B129: =IFERROR(INDEX(TRANSACTIONS_MASTER!$K$5:$K$1204,IFERROR(MATCH(1,INDEX((TRANSACTIONS_MASTER!$C$5:$C$1204=$D$4)*(TRANSACTIONS_MASTER!$AL$5:$AL$1204=12),0),0),"")),"") | D129: =IF($B129="","",SUMIFS(TRANSACTIONS_MASTER!$L$5:$L$1204,TRANSACTIONS_MASTER!$K$5:$K$1204,$B129,TRANSACTIONS_MASTER!$C$5:$C$1204,$D$4,TRANSACTIONS_MASTER!$U$5:$U$1204,"<>Cancelled")) | E129: =IF($B129="","",SUMIFS(TRANSACTIONS_MASTER!$Q$5:$Q$1204,TRANSACTIONS_MASTER!$K$5:$K$1204,$B129,TRANSACTIONS_MASTER!$C$5:$C$1204,$D$4)) | H129: =INT($D$4/100)&"-"&TEXT(12,"00") -> 2026-12 | J129: =SUMIFS(TRANSACTIONS_MASTER!$L$5:$L$1204,TRANSACTIONS_MASTER!$C$5:$C$1204,(INT($D$4/100)*100+12),TRANSACTIONS_MASTER!$U$5:$U$1204,"<>Cancelled") -> 0 | K129: =SUMIFS(TRANSACTIONS_MASTER!$O$5:$O$1204,TRANSACTIONS_MASTER!$C$5:$C$1204,(INT($D$4/100)*100+12)) -> 0 | L129: =SUMIFS(TRANSACTIONS_MASTER!$Q$5:$Q$1204,TRANSACTIONS_MASTER!$C$5:$C$1204,(INT($D$4/100)*100+12)) -> 0 | M129: =COUNTIFS(TRANSACTIONS_MASTER!$C$5:$C$1204,(INT($D$4/100)*100+12),TRANSACTIONS_MASTER!$U$5:$U$1204,"<>Cancelled") -> 0
H130: TỔNG NĂM | J130: =SUM(J118:J129) -> 63800000 | K130: =SUM(K118:K129) -> 6423500 | L130: =SUM(L118:L129) -> 4706000 | M130: =SUM(M118:M129) -> 29

Sheet CARDS
A1: 💳 CARDS — danh sách thẻ tín dụng
A2: Không lưu số thẻ đầy đủ / CVV — chỉ 4 số cuối. Ngày sao kê & ngày thanh toán = ngày trong tháng (1–31).
A3: ⚠ SAMPLE DATA — có thể xóa · ✎ ô chữ xanh = nhập liệu · ⚙ ô nền xám = tự động (không sửa)
A4: Card ID | B4: Ngân hàng | C4: Tên thẻ | D4: Loại thẻ | E4: Network | F4: Số cuối thẻ | G4: Hạn mức tín dụng | H4: Ngày sao kê | I4: Ngày thanh toán | J4: Ngày mở thẻ | K4: Phí thường niên | L4: Phí thường niên năm đầu | M4: Trạng thái | N4: Ghi chú | O4: Bank # (helper)
A5: VPB-JCBZ | B5: VPBank | C5: JCB Z Card | D5: Cashback | E5: JCB | F5: 1111 | G5: 50000000 | H5: 25 | I5: 15 | J5: 45361 | K5: 1000000 | L5: 0 | M5: Active | N5: SAMPLE DATA — có thể xóa | O5: =IF(B5="","",IF(COUNTIF($B$5:$B5,B5)=1,MAX($O$4:$O4)+1,"")) -> 1
A6: VIB-A | B6: VIB | C6: Cashback Demo A | D6: Cashback | E6: Mastercard | F6: 2222 | G6: 30000000 | H6: 5 | I6: 25 | J6: 45078 | K6: 600000 | L6: 0 | M6: Active | N6: SAMPLE DATA — có thể xóa (rule minh họa 10% / 500k / 1tr) | O6: =IF(B6="","",IF(COUNTIF($B$5:$B6,B6)=1,MAX($O$4:$O5)+1,"")) -> 2
A7: TCB-B | B7: Techcombank | C7: Cashback Demo B | D7: Platinum | E7: Visa | F7: 3333 | G7: 40000000 | H7: 20 | I7: 10 | J7: 44880 | K7: 800000 | L7: 0 | M7: Active | N7: SAMPLE DATA — có thể xóa (5% / 300k / 2tr) | O7: =IF(B7="","",IF(COUNTIF($B$5:$B7,B7)=1,MAX($O$4:$O6)+1,"")) -> 3
A8: UOB-C | B8: UOB | C8: Cashback Demo C | D8: Cashback | E8: Visa | F8: 4444 | G8: 25000000 | H8: 10 | I8: 28 | J8: 45677 | K8: 0 | L8: 0 | M8: Active | N8: SAMPLE DATA — có thể xóa (15% / 1tr, không cap thẻ) | O8: =IF(B8="","",IF(COUNTIF($B$5:$B8,B8)=1,MAX($O$4:$O7)+1,"")) -> 4
A9: MB-D | B9: MB | C9: Cashback Demo D | D9: Credit | E9: Mastercard | F9: 5555 | G9: 20000000 | H9: 1 | I9: 8 | J9: 45509 | K9: 300000 | L9: 0 | M9: Active | N9: SAMPLE DATA — có thể xóa (rate theo từng MCC) | O9: =IF(B9="","",IF(COUNTIF($B$5:$B9,B9)=1,MAX($O$4:$O8)+1,"")) -> 5
A10: ACB-E | B10: ACB | C10: Demo E (không cashback) | D10: Credit | E10: Visa | F10: 6666 | G10: 20000000 | H10: 15 | I10: 3 | J10: 44288 | K10: 500000 | L10: 0 | M10: Active | N10: SAMPLE DATA — có thể xóa (thẻ không có rule) | O10: =IF(B10="","",IF(COUNTIF($B$5:$B10,B10)=1,MAX($O$4:$O9)+1,"")) -> 6
O11: =IF(B11="","",IF(COUNTIF($B$5:$B11,B11)=1,MAX($O$4:$O10)+1,""))
O12: =IF(B12="","",IF(COUNTIF($B$5:$B12,B12)=1,MAX($O$4:$O11)+1,""))
O13: =IF(B13="","",IF(COUNTIF($B$5:$B13,B13)=1,MAX($O$4:$O12)+1,""))
O14: =IF(B14="","",IF(COUNTIF($B$5:$B14,B14)=1,MAX($O$4:$O13)+1,""))
O15: =IF(B15="","",IF(COUNTIF($B$5:$B15,B15)=1,MAX($O$4:$O14)+1,""))
O16: =IF(B16="","",IF(COUNTIF($B$5:$B16,B16)=1,MAX($O$4:$O15)+1,""))
O17: =IF(B17="","",IF(COUNTIF($B$5:$B17,B17)=1,MAX($O$4:$O16)+1,""))
O18: =IF(B18="","",IF(COUNTIF($B$5:$B18,B18)=1,MAX($O$4:$O17)+1,""))
O19: =IF(B19="","",IF(COUNTIF($B$5:$B19,B19)=1,MAX($O$4:$O18)+1,""))
O20: =IF(B20="","",IF(COUNTIF($B$5:$B20,B20)=1,MAX($O$4:$O19)+1,""))
O21: =IF(B21="","",IF(COUNTIF($B$5:$B21,B21)=1,MAX($O$4:$O20)+1,""))
O22: =IF(B22="","",IF(COUNTIF($B$5:$B22,B22)=1,MAX($O$4:$O21)+1,""))
... O34: =IF(B34="","",IF(COUNTIF($B$5:$B34,B34)=1,MAX($O$4:$O33)+1,""))

Sheet CASHBACK_RULES
A1: 🎯 CASHBACK_RULES — cấu hình chương trình hoàn tiền
A2: 1 dòng = 1 MCC của 1 nhóm. Cùng Card ID + Nhóm = cùng 1 cap nhóm. Cap để trống = không giới hạn. Rate nhập dạng 15%.
A3: ⚠ SAMPLE DATA — có thể xóa · ✎ ô chữ xanh = nhập liệu · ⚙ ô nền xám = tự động (không sửa)
A4: Rule ID | B4: Card ID | C4: Ngân hàng | D4: Tên thẻ | E4: Nhóm cashback | F4: Tên danh mục | G4: MCC | H4: Tên MCC | I4: Cashback Rate (%) | J4: Max Cashback / Category / Month | K4: Max Cashback / Card / Month | L4: Max Eligible Spending | M4: Minimum Transaction | N4: Start Date | O4: End Date | P4: Điều kiện | Q4: Ghi chú | R4: Kiểm tra | S4: Group # (helper)
A5: =IF(B5="","","R"&TEXT(ROW()-4,"000")) -> R001 | B5: VPB-JCBZ | C5: =IF(B5="","",IFERROR(INDEX(CARDS!$B$5:$B$34,MATCH(B5,CARDS!$A$5:$A$34,0)),"⚠ Card ID?")) -> VPBank | D5: =IF(B5="","",IFERROR(INDEX(CARDS!$C$5:$C$34,MATCH(B5,CARDS!$A$5:$A$34,0)),"⚠ Card ID?")) -> JCB Z Card | E5: Group 1 | F5: Dining | G5: 5811 | H5: =IF(G5="","",IFERROR(INDEX(MCC_MASTER!$B$5:$B$504,MATCH(G5,MCC_MASTER!$A$5:$A$504,0)),"⚠ MCC chưa có trong MCC_MASTER")) -> Caterers | I5: 0.15 | J5: 500000 | K5: 1000000 | N5: 46023 | O5: 46387 | P5: Ăn uống | Q5: SAMPLE DATA — có thể xóa | R5: =IF(B5="","",IF(ISNA(MATCH(B5,CARDS!$A$5:$A$34,0)),"⚠ Card ID không tồn tại",IF(E5="","⚠ Thiếu Nhóm cashback",IF(OR(SUMPRODUCT(($B$5:$B$304=B5)*($E$5:$E$304=E5)*($J$5:$J$304<>J5))>0,SUMPRODUCT(($B$5:$B$304=B5)*($K$5:$K$304<>K5))>0),"⚠ Cap không đồng nhất","✓ OK")))) -> ✓ OK | S5: =IF(OR(B5="",E5=""),"",IF(COUNTIFS($B$5:$B5,B5,$E$5:$E5,E5)=1,MAX($S$4:$S4)+1,"")) -> 1
A6: =IF(B6="","","R"&TEXT(ROW()-4,"000")) -> R002 | B6: VPB-JCBZ | C6: =IF(B6="","",IFERROR(INDEX(CARDS!$B$5:$B$34,MATCH(B6,CARDS!$A$5:$A$34,0)),"⚠ Card ID?")) -> VPBank | D6: =IF(B6="","",IFERROR(INDEX(CARDS!$C$5:$C$34,MATCH(B6,CARDS!$A$5:$A$34,0)),"⚠ Card ID?")) -> JCB Z Card | E6: Group 1 | F6: Dining | G6: 5812 | H6: =IF(G6="","",IFERROR(INDEX(MCC_MASTER!$B$5:$B$504,MATCH(G6,MCC_MASTER!$A$5:$A$504,0)),"⚠ MCC chưa có trong MCC_MASTER")) -> Eating Places / Restaurants | I6: 0.15 | J6: 500000 | K6: 1000000 | N6: 46023 | O6: 46387 | P6: Ăn uống | Q6: SAMPLE DATA — có thể xóa | R6: =IF(B6="","",IF(ISNA(MATCH(B6,CARDS!$A$5:$A$34,0)),"⚠ Card ID không tồn tại",IF(E6="","⚠ Thiếu Nhóm cashback",IF(OR(SUMPRODUCT(($B$5:$B$304=B6)*($E$5:$E$304=E6)*($J$5:$J$304<>J6))>0,SUMPRODUCT(($B$5:$B$304=B6)*($K$5:$K$304<>K6))>0),"⚠ Cap không đồng nhất","✓ OK")))) -> ✓ OK | S6: =IF(OR(B6="",E6=""),"",IF(COUNTIFS($B$5:$B6,B6,$E$5:$E6,E6)=1,MAX($S$4:$S5)+1,""))
A7: =IF(B7="","","R"&TEXT(ROW()-4,"000")) -> R003 | B7: VPB-JCBZ | C7: =IF(B7="","",IFERROR(INDEX(CARDS!$B$5:$B$34,MATCH(B7,CARDS!$A$5:$A$34,0)),"⚠ Card ID?")) -> VPBank | D7: =IF(B7="","",IFERROR(INDEX(CARDS!$C$5:$C$34,MATCH(B7,CARDS!$A$5:$A$34,0)),"⚠ Card ID?")) -> JCB Z Card | E7: Group 1 | F7: Dining | G7: 5813 | H7: =IF(G7="","",IFERROR(INDEX(MCC_MASTER!$B$5:$B$504,MATCH(G7,MCC_MASTER!$A$5:$A$504,0)),"⚠ MCC chưa có trong MCC_MASTER")) -> Drinking Places (Bars, Taverns) | I7: 0.15 | J7: 500000 | K7: 1000000 | N7: 46023 | O7: 46387 | P7: Ăn uống | Q7: SAMPLE DATA — có thể xóa | R7: =IF(B7="","",IF(ISNA(MATCH(B7,CARDS!$A$5:$A$34,0)),"⚠ Card ID không tồn tại",IF(E7="","⚠ Thiếu Nhóm cashback",IF(OR(SUMPRODUCT(($B$5:$B$304=B7)*($E$5:$E$304=E7)*($J$5:$J$304<>J7))>0,SUMPRODUCT(($B$5:$B$304=B7)*($K$5:$K$304<>K7))>0),"⚠ Cap không đồng nhất","✓ OK")))) -> ✓ OK | S7: =IF(OR(B7="",E7=""),"",IF(COUNTIFS($B$5:$B7,B7,$E$5:$E7,E7)=1,MAX($S$4:$S6)+1,""))
A8: =IF(B8="","","R"&TEXT(ROW()-4,"000")) -> R004 | B8: VPB-JCBZ | C8: =IF(B8="","",IFERROR(INDEX(CARDS!$B$5:$B$34,MATCH(B8,CARDS!$A$5:$A$34,0)),"⚠ Card ID?")) -> VPBank | D8: =IF(B8="","",IFERROR(INDEX(CARDS!$C$5:$C$34,MATCH(B8,CARDS!$A$5:$A$34,0)),"⚠ Card ID?")) -> JCB Z Card | E8: Group 1 | F8: Dining | G8: 5814 | H8: =IF(G8="","",IFERROR(INDEX(MCC_MASTER!$B$5:$B$504,MATCH(G8,MCC_MASTER!$A$5:$A$504,0)),"⚠ MCC chưa có trong MCC_MASTER")) -> Fast Food Restaurants | I8: 0.15 | J8: 500000 | K8: 1000000 | N8: 46023 | O8: 46387 | P8: Ăn uống | Q8: SAMPLE DATA — có thể xóa | R8: =IF(B8="","",IF(ISNA(MATCH(B8,CARDS!$A$5:$A$34,0)),"⚠ Card ID không tồn tại",IF(E8="","⚠ Thiếu Nhóm cashback",IF(OR(SUMPRODUCT(($B$5:$B$304=B8)*($E$5:$E$304=E8)*($J$5:$J$304<>J8))>0,SUMPRODUCT(($B$5:$B$304=B8)*($K$5:$K$304<>K8))>0),"⚠ Cap không đồng nhất","✓ OK")))) -> ✓ OK | S8: =IF(OR(B8="",E8=""),"",IF(COUNTIFS($B$5:$B8,B8,$E$5:$E8,E8)=1,MAX($S$4:$S7)+1,""))
A9: =IF(B9="","","R"&TEXT(ROW()-4,"000")) -> R005 | B9: VPB-JCBZ | C9: =IF(B9="","",IFERROR(INDEX(CARDS!$B$5:$B$34,MATCH(B9,CARDS!$A$5:$A$34,0)),"⚠ Card ID?")) -> VPBank | D9: =IF(B9="","",IFERROR(INDEX(CARDS!$C$5:$C$34,MATCH(B9,CARDS!$A$5:$A$34,0)),"⚠ Card ID?")) -> JCB Z Card | E9: Group 2 | F9: Entertainment / Fitness | G9: 5734 | H9: =IF(G9="","",IFERROR(INDEX(MCC_MASTER!$B$5:$B$504,MATCH(G9,MCC_MASTER!$A$5:$A$504,0)),"⚠ MCC chưa có trong MCC_MASTER")) -> Computer Software Stores | I9: 0.15 | J9: 500000 | K9: 1000000 | N9: 46023 | O9: 46387 | P9: Giải trí / Fitness | Q9: SAMPLE DATA — có thể xóa | R9: =IF(B9="","",IF(ISNA(MATCH(B9,CARDS!$A$5:$A$34,0)),"⚠ Card ID không tồn tại",IF(E9="","⚠ Thiếu Nhóm cashback",IF(OR(SUMPRODUCT(($B$5:$B$304=B9)*($E$5:$E$304=E9)*($J$5:$J$304<>J9))>0,SUMPRODUCT(($B$5:$B$304=B9)*($K$5:$K$304<>K9))>0),"⚠ Cap không đồng nhất","✓ OK")))) -> ✓ OK | S9: =IF(OR(B9="",E9=""),"",IF(COUNTIFS($B$5:$B9,B9,$E$5:$E9,E9)=1,MAX($S$4:$S8)+1,"")) -> 2
A10: =IF(B10="","","R"&TEXT(ROW()-4,"000")) -> R006 | B10: VPB-JCBZ | C10: =IF(B10="","",IFERROR(INDEX(CARDS!$B$5:$B$34,MATCH(B10,CARDS!$A$5:$A$34,0)),"⚠ Card ID?")) -> VPBank | D10: =IF(B10="","",IFERROR(INDEX(CARDS!$C$5:$C$34,MATCH(B10,CARDS!$A$5:$A$34,0)),"⚠ Card ID?")) -> JCB Z Card | E10: Group 2 | F10: Entertainment / Fitness | G10: 5735 | H10: =IF(G10="","",IFERROR(INDEX(MCC_MASTER!$B$5:$B$504,MATCH(G10,MCC_MASTER!$A$5:$A$504,0)),"⚠ MCC chưa có trong MCC_MASTER")) -> Record Stores | I10: 0.15 | J10: 500000 | K10: 1000000 | N10: 46023 | O10: 46387 | P10: Giải trí / Fitness | Q10: SAMPLE DATA — có thể xóa | R10: =IF(B10="","",IF(ISNA(MATCH(B10,CARDS!$A$5:$A$34,0)),"⚠ Card ID không tồn tại",IF(E10="","⚠ Thiếu Nhóm cashback",IF(OR(SUMPRODUCT(($B$5:$B$304=B10)*($E$5:$E$304=E10)*($J$5:$J$304<>J10))>0,SUMPRODUCT(($B$5:$B$304=B10)*($K$5:$K$304<>K10))>0),"⚠ Cap không đồng nhất","✓ OK")))) -> ✓ OK | S10: =IF(OR(B10="",E10=""),"",IF(COUNTIFS($B$5:$B10,B10,$E$5:$E10,E10)=1,MAX($S$4:$S9)+1,""))
A11: =IF(B11="","","R"&TEXT(ROW()-4,"000")) -> R007 | B11: VPB-JCBZ | C11: =IF(B11="","",IFERROR(INDEX(CARDS!$B$5:$B$34,MATCH(B11,CARDS!$A$5:$A$34,0)),"⚠ Card ID?")) -> VPBank | D11: =IF(B11="","",IFERROR(INDEX(CARDS!$C$5:$C$34,MATCH(B11,CARDS!$A$5:$A$34,0)),"⚠ Card ID?")) -> JCB Z Card | E11: Group 2 | F11: Entertainment / Fitness | G11: 7832 | H11: =IF(G11="","",IFERROR(INDEX(MCC_MASTER!$B$5:$B$504,MATCH(G11,MCC_MASTER!$A$5:$A$504,0)),"⚠ MCC chưa có trong MCC_MASTER")) -> Motion Picture Theaters | I11: 0.15 | J11: 500000 | K11: 1000000 | N11: 46023 | O11: 46387 | P11: Giải trí / Fitness | Q11: SAMPLE DATA — có thể xóa | R11: =IF(B11="","",IF(ISNA(MATCH(B11,CARDS!$A$5:$A$34,0)),"⚠ Card ID không tồn tại",IF(E11="","⚠ Thiếu Nhóm cashback",IF(OR(SUMPRODUCT(($B$5:$B$304=B11)*($E$5:$E$304=E11)*($J$5:$J$304<>J11))>0,SUMPRODUCT(($B$5:$B$304=B11)*($K$5:$K$304<>K11))>0),"⚠ Cap không đồng nhất","✓ OK")))) -> ✓ OK | S11: =IF(OR(B11="",E11=""),"",IF(COUNTIFS($B$5:$B11,B11,$E$5:$E11,E11)=1,MAX($S$4:$S10)+1,""))
A12: =IF(B12="","","R"&TEXT(ROW()-4,"000")) -> R008 | B12: VPB-JCBZ | C12: =IF(B12="","",IFERROR(INDEX(CARDS!$B$5:$B$34,MATCH(B12,CARDS!$A$5:$A$34,0)),"⚠ Card ID?")) -> VPBank | D12: =IF(B12="","",IFERROR(INDEX(CARDS!$C$5:$C$34,MATCH(B12,CARDS!$A$5:$A$34,0)),"⚠ Card ID?")) -> JCB Z Card | E12: Group 2 | F12: Entertainment / Fitness | G12: 7997 | H12: =IF(G12="","",IFERROR(INDEX(MCC_MASTER!$B$5:$B$504,MATCH(G12,MCC_MASTER!$A$5:$A$504,0)),"⚠ MCC chưa có trong MCC_MASTER")) -> Membership Clubs (Sports / Recreation) | I12: 0.15 | J12: 500000 | K12: 1000000 | N12: 46023 | O12: 46387 | P12: Giải trí / Fitness | Q12: SAMPLE DATA — có thể xóa | R12: =IF(B12="","",IF(ISNA(MATCH(B12,CARDS!$A$5:$A$34,0)),"⚠ Card ID không tồn tại",IF(E12="","⚠ Thiếu Nhóm cashback",IF(OR(SUMPRODUCT(($B$5:$B$304=B12)*($E$5:$E$304=E12)*($J$5:$J$304<>J12))>0,SUMPRODUCT(($B$5:$B$304=B12)*($K$5:$K$304<>K12))>0),"⚠ Cap không đồng nhất","✓ OK")))) -> ✓ OK | S12: =IF(OR(B12="",E12=""),"",IF(COUNTIFS($B$5:$B12,B12,$E$5:$E12,E12)=1,MAX($S$4:$S11)+1,""))
A13: =IF(B13="","","R"&TEXT(ROW()-4,"000")) -> R009 | B13: VPB-JCBZ | C13: =IF(B13="","",IFERROR(INDEX(CARDS!$B$5:$B$34,MATCH(B13,CARDS!$A$5:$A$34,0)),"⚠ Card ID?")) -> VPBank | D13: =IF(B13="","",IFERROR(INDEX(CARDS!$C$5:$C$34,MATCH(B13,CARDS!$A$5:$A$34,0)),"⚠ Card ID?")) -> JCB Z Card | E13: Group 3 | F13: Transport / Food Delivery | G13: 4121 | H13: =IF(G13="","",IFERROR(INDEX(MCC_MASTER!$B$5:$B$504,MATCH(G13,MCC_MASTER!$A$5:$A$504,0)),"⚠ MCC chưa có trong MCC_MASTER")) -> Taxicabs / Limousines | I13: 0.15 | J13: 500000 | K13: 1000000 | N13: 46023 | O13: 46387 | P13: Di chuyển / giao đồ ăn (5814 trùng Nhóm 1 → chọn Rule ID để vào nhóm này) | Q13: SAMPLE DATA — có thể xóa | R13: =IF(B13="","",IF(ISNA(MATCH(B13,CARDS!$A$5:$A$34,0)),"⚠ Card ID không tồn tại",IF(E13="","⚠ Thiếu Nhóm cashback",IF(OR(SUMPRODUCT(($B$5:$B$304=B13)*($E$5:$E$304=E13)*($J$5:$J$304<>J13))>0,SUMPRODUCT(($B$5:$B$304=B13)*($K$5:$K$304<>K13))>0),"⚠ Cap không đồng nhất","✓ OK")))) -> ✓ OK | S13: =IF(OR(B13="",E13=""),"",IF(COUNTIFS($B$5:$B13,B13,$E$5:$E13,E13)=1,MAX($S$4:$S12)+1,"")) -> 3
A14: =IF(B14="","","R"&TEXT(ROW()-4,"000")) -> R010 | B14: VPB-JCBZ | C14: =IF(B14="","",IFERROR(INDEX(CARDS!$B$5:$B$34,MATCH(B14,CARDS!$A$5:$A$34,0)),"⚠ Card ID?")) -> VPBank | D14: =IF(B14="","",IFERROR(INDEX(CARDS!$C$5:$C$34,MATCH(B14,CARDS!$A$5:$A$34,0)),"⚠ Card ID?")) -> JCB Z Card | E14: Group 3 | F14: Transport / Food Delivery | G14: 5814 | H14: =IF(G14="","",IFERROR(INDEX(MCC_MASTER!$B$5:$B$504,MATCH(G14,MCC_MASTER!$A$5:$A$504,0)),"⚠ MCC chưa có trong MCC_MASTER")) -> Fast Food Restaurants | I14: 0.15 | J14: 500000 | K14: 1000000 | N14: 46023 | O14: 46387 | P14: Di chuyển / giao đồ ăn (5814 trùng Nhóm 1 → chọn Rule ID để vào nhóm này) | Q14: SAMPLE DATA — có thể xóa | R14: =IF(B14="","",IF(ISNA(MATCH(B14,CARDS!$A$5:$A$34,0)),"⚠ Card ID không tồn tại",IF(E14="","⚠ Thiếu Nhóm cashback",IF(OR(SUMPRODUCT(($B$5:$B$304=B14)*($E$5:$E$304=E14)*($J$5:$J$304<>J14))>0,SUMPRODUCT(($B$5:$B$304=B14)*($K$5:$K$304<>K14))>0),"⚠ Cap không đồng nhất","✓ OK")))) -> ✓ OK | S14: =IF(OR(B14="",E14=""),"",IF(COUNTIFS($B$5:$B14,B14,$E$5:$E14,E14)=1,MAX($S$4:$S13)+1,""))
A15: =IF(B15="","","R"&TEXT(ROW()-4,"000")) -> R011 | B15: VIB-A | C15: =IF(B15="","",IFERROR(INDEX(CARDS!$B$5:$B$34,MATCH(B15,CARDS!$A$5:$A$34,0)),"⚠ Card ID?")) -> VIB | D15: =IF(B15="","",IFERROR(INDEX(CARDS!$C$5:$C$34,MATCH(B15,CARDS!$A$5:$A$34,0)),"⚠ Card ID?")) -> Cashback Demo A | E15: Group 1 | F15: Groceries | G15: 5411 | H15: =IF(G15="","",IFERROR(INDEX(MCC_MASTER!$B$5:$B$504,MATCH(G15,MCC_MASTER!$A$5:$A$504,0)),"⚠ MCC chưa có trong MCC_MASTER")) -> Grocery Stores / Supermarkets | I15: 0.1 | J15: 500000 | K15: 1000000 | Q15: SAMPLE DATA — có thể xóa | R15: =IF(B15="","",IF(ISNA(MATCH(B15,CARDS!$A$5:$A$34,0)),"⚠ Card ID không tồn tại",IF(E15="","⚠ Thiếu Nhóm cashback",IF(OR(SUMPRODUCT(($B$5:$B$304=B15)*($E$5:$E$304=E15)*($J$5:$J$304<>J15))>0,SUMPRODUCT(($B$5:$B$304=B15)*($K$5:$K$304<>K15))>0),"⚠ Cap không đồng nhất","✓ OK")))) -> ✓ OK | S15: =IF(OR(B15="",E15=""),"",IF(COUNTIFS($B$5:$B15,B15,$E$5:$E15,E15)=1,MAX($S$4:$S14)+1,"")) -> 4
A16: =IF(B16="","","R"&TEXT(ROW()-4,"000")) -> R012 | B16: VIB-A | C16: =IF(B16="","",IFERROR(INDEX(CARDS!$B$5:$B$34,MATCH(B16,CARDS!$A$5:$A$34,0)),"⚠ Card ID?")) -> VIB | D16: =IF(B16="","",IFERROR(INDEX(CARDS!$C$5:$C$34,MATCH(B16,CARDS!$A$5:$A$34,0)),"⚠ Card ID?")) -> Cashback Demo A | E16: Group 1 | F16: Groceries | G16: 5499 | H16: =IF(G16="","",IFERROR(INDEX(MCC_MASTER!$B$5:$B$504,MATCH(G16,MCC_MASTER!$A$5:$A$504,0)),"⚠ MCC chưa có trong MCC_MASTER")) -> Misc. Food Stores – Convenience | I16: 0.1 | J16: 500000 | K16: 1000000 | Q16: SAMPLE DATA — có thể xóa | R16: =IF(B16="","",IF(ISNA(MATCH(B16,CARDS!$A$5:$A$34,0)),"⚠ Card ID không tồn tại",IF(E16="","⚠ Thiếu Nhóm cashback",IF(OR(SUMPRODUCT(($B$5:$B$304=B16)*($E$5:$E$304=E16)*($J$5:$J$304<>J16))>0,SUMPRODUCT(($B$5:$B$304=B16)*($K$5:$K$304<>K16))>0),"⚠ Cap không đồng nhất","✓ OK")))) -> ✓ OK | S16: =IF(OR(B16="",E16=""),"",IF(COUNTIFS($B$5:$B16,B16,$E$5:$E16,E16)=1,MAX($S$4:$S15)+1,""))
A17: =IF(B17="","","R"&TEXT(ROW()-4,"000")) -> R013 | B17: VIB-A | C17: =IF(B17="","",IFERROR(INDEX(CARDS!$B$5:$B$34,MATCH(B17,CARDS!$A$5:$A$34,0)),"⚠ Card ID?")) -> VIB | D17: =IF(B17="","",IFERROR(INDEX(CARDS!$C$5:$C$34,MATCH(B17,CARDS!$A$5:$A$34,0)),"⚠ Card ID?")) -> Cashback Demo A | E17: Group 2 | F17: Shopping | G17: 5311 | H17: =IF(G17="","",IFERROR(INDEX(MCC_MASTER!$B$5:$B$504,MATCH(G17,MCC_MASTER!$A$5:$A$504,0)),"⚠ MCC chưa có trong MCC_MASTER")) -> Department Stores | I17: 0.1 | J17: 500000 | K17: 1000000 | Q17: SAMPLE DATA — có thể xóa | R17: =IF(B17="","",IF(ISNA(MATCH(B17,CARDS!$A$5:$A$34,0)),"⚠ Card ID không tồn tại",IF(E17="","⚠ Thiếu Nhóm cashback",IF(OR(SUMPRODUCT(($B$5:$B$304=B17)*($E$5:$E$304=E17)*($J$5:$J$304<>J17))>0,SUMPRODUCT(($B$5:$B$304=B17)*($K$5:$K$304<>K17))>0),"⚠ Cap không đồng nhất","✓ OK")))) -> ✓ OK | S17: =IF(OR(B17="",E17=""),"",IF(COUNTIFS($B$5:$B17,B17,$E$5:$E17,E17)=1,MAX($S$4:$S16)+1,"")) -> 5
A18: =IF(B18="","","R"&TEXT(ROW()-4,"000")) -> R014 | B18: VIB-A | C18: =IF(B18="","",IFERROR(INDEX(CARDS!$B$5:$B$34,MATCH(B18,CARDS!$A$5:$A$34,0)),"⚠ Card ID?")) -> VIB | D18: =IF(B18="","",IFERROR(INDEX(CARDS!$C$5:$C$34,MATCH(B18,CARDS!$A$5:$A$34,0)),"⚠ Card ID?")) -> Cashback Demo A | E18: Group 2 | F18: Shopping | G18: 5399 | H18: =IF(G18="","",IFERROR(INDEX(MCC_MASTER!$B$5:$B$504,MATCH(G18,MCC_MASTER!$A$5:$A$504,0)),"⚠ MCC chưa có trong MCC_MASTER")) -> Misc. General Merchandise | I18: 0.1 | J18: 500000 | K18: 1000000 | Q18: SAMPLE DATA — có thể xóa | R18: =IF(B18="","",IF(ISNA(MATCH(B18,CARDS!$A$5:$A$34,0)),"⚠ Card ID không tồn tại",IF(E18="","⚠ Thiếu Nhóm cashback",IF(OR(SUMPRODUCT(($B$5:$B$304=B18)*($E$5:$E$304=E18)*($J$5:$J$304<>J18))>0,SUMPRODUCT(($B$5:$B$304=B18)*($K$5:$K$304<>K18))>0),"⚠ Cap không đồng nhất","✓ OK")))) -> ✓ OK | S18: =IF(OR(B18="",E18=""),"",IF(COUNTIFS($B$5:$B18,B18,$E$5:$E18,E18)=1,MAX($S$4:$S17)+1,""))
A19: =IF(B19="","","R"&TEXT(ROW()-4,"000")) -> R015 | B19: TCB-B | C19: =IF(B19="","",IFERROR(INDEX(CARDS!$B$5:$B$34,MATCH(B19,CARDS!$A$5:$A$34,0)),"⚠ Card ID?")) -> Techcombank | D19: =IF(B19="","",IFERROR(INDEX(CARDS!$C$5:$C$34,MATCH(B19,CARDS!$A$5:$A$34,0)),"⚠ Card ID?")) -> Cashback Demo B | E19: Group 1 | F19: Fuel & Transport | G19: 5541 | H19: =IF(G19="","",IFERROR(INDEX(MCC_MASTER!$B$5:$B$504,MATCH(G19,MCC_MASTER!$A$5:$A$504,0)),"⚠ MCC chưa có trong MCC_MASTER")) -> Service Stations | I19: 0.05 | J19: 300000 | K19: 2000000 | Q19: SAMPLE DATA — có thể xóa | R19: =IF(B19="","",IF(ISNA(MATCH(B19,CARDS!$A$5:$A$34,0)),"⚠ Card ID không tồn tại",IF(E19="","⚠ Thiếu Nhóm cashback",IF(OR(SUMPRODUCT(($B$5:$B$304=B19)*($E$5:$E$304=E19)*($J$5:$J$304<>J19))>0,SUMPRODUCT(($B$5:$B$304=B19)*($K$5:$K$304<>K19))>0),"⚠ Cap không đồng nhất","✓ OK")))) -> ✓ OK | S19: =IF(OR(B19="",E19=""),"",IF(COUNTIFS($B$5:$B19,B19,$E$5:$E19,E19)=1,MAX($S$4:$S18)+1,"")) -> 6
A20: =IF(B20="","","R"&TEXT(ROW()-4,"000")) -> R016 | B20: TCB-B | C20: =IF(B20="","",IFERROR(INDEX(CARDS!$B$5:$B$34,MATCH(B20,CARDS!$A$5:$A$34,0)),"⚠ Card ID?")) -> Techcombank | D20: =IF(B20="","",IFERROR(INDEX(CARDS!$C$5:$C$34,MATCH(B20,CARDS!$A$5:$A$34,0)),"⚠ Card ID?")) -> Cashback Demo B | E20: Group 1 | F20: Fuel & Transport | G20: 5542 | H20: =IF(G20="","",IFERROR(INDEX(MCC_MASTER!$B$5:$B$504,MATCH(G20,MCC_MASTER!$A$5:$A$504,0)),"⚠ MCC chưa có trong MCC_MASTER")) -> Automated Fuel Dispensers | I20: 0.05 | J20: 300000 | K20: 2000000 | Q20: SAMPLE DATA — có thể xóa | R20: =IF(B20="","",IF(ISNA(MATCH(B20,CARDS!$A$5:$A$34,0)),"⚠ Card ID không tồn tại",IF(E20="","⚠ Thiếu Nhóm cashback",IF(OR(SUMPRODUCT(($B$5:$B$304=B20)*($E$5:$E$304=E20)*($J$5:$J$304<>J20))>0,SUMPRODUCT(($B$5:$B$304=B20)*($K$5:$K$304<>K20))>0),"⚠ Cap không đồng nhất","✓ OK")))) -> ✓ OK | S20: =IF(OR(B20="",E20=""),"",IF(COUNTIFS($B$5:$B20,B20,$E$5:$E20,E20)=1,MAX($S$4:$S19)+1,""))
A21: =IF(B21="","","R"&TEXT(ROW()-4,"000")) -> R017 | B21: TCB-B | C21: =IF(B21="","",IFERROR(INDEX(CARDS!$B$5:$B$34,MATCH(B21,CARDS!$A$5:$A$34,0)),"⚠ Card ID?")) -> Techcombank | D21: =IF(B21="","",IFERROR(INDEX(CARDS!$C$5:$C$34,MATCH(B21,CARDS!$A$5:$A$34,0)),"⚠ Card ID?")) -> Cashback Demo B | E21: Group 1 | F21: Fuel & Transport | G21: 4121 | H21: =IF(G21="","",IFERROR(INDEX(MCC_MASTER!$B$5:$B$504,MATCH(G21,MCC_MASTER!$A$5:$A$504,0)),"⚠ MCC chưa có trong MCC_MASTER")) -> Taxicabs / Limousines | I21: 0.05 | J21: 300000 | K21: 2000000 | Q21: SAMPLE DATA — có thể xóa | R21: =IF(B21="","",IF(ISNA(MATCH(B21,CARDS!$A$5:$A$34,0)),"⚠ Card ID không tồn tại",IF(E21="","⚠ Thiếu Nhóm cashback",IF(OR(SUMPRODUCT(($B$5:$B$304=B21)*($E$5:$E$304=E21)*($J$5:$J$304<>J21))>0,SUMPRODUCT(($B$5:$B$304=B21)*($K$5:$K$304<>K21))>0),"⚠ Cap không đồng nhất","✓ OK")))) -> ✓ OK | S21: =IF(OR(B21="",E21=""),"",IF(COUNTIFS($B$5:$B21,B21,$E$5:$E21,E21)=1,MAX($S$4:$S20)+1,""))
A22: =IF(B22="","","R"&TEXT(ROW()-4,"000")) -> R018 | B22: TCB-B | C22: =IF(B22="","",IFERROR(INDEX(CARDS!$B$5:$B$34,MATCH(B22,CARDS!$A$5:$A$34,0)),"⚠ Card ID?")) -> Techcombank | D22: =IF(B22="","",IFERROR(INDEX(CARDS!$C$5:$C$34,MATCH(B22,CARDS!$A$5:$A$34,0)),"⚠ Card ID?")) -> Cashback Demo B | E22: Group 2 | F22: Healthcare | G22: 8011 | H22: =IF(G22="","",IFERROR(INDEX(MCC_MASTER!$B$5:$B$504,MATCH(G22,MCC_MASTER!$A$5:$A$504,0)),"⚠ MCC chưa có trong MCC_MASTER")) -> Doctors | I22: 0.05 | J22: 300000 | K22: 2000000 | Q22: SAMPLE DATA — có thể xóa | R22: =IF(B22="","",IF(ISNA(MATCH(B22,CARDS!$A$5:$A$34,0)),"⚠ Card ID không tồn tại",IF(E22="","⚠ Thiếu Nhóm cashback",IF(OR(SUMPRODUCT(($B$5:$B$304=B22)*($E$5:$E$304=E22)*($J$5:$J$304<>J22))>0,SUMPRODUCT(($B$5:$B$304=B22)*($K$5:$K$304<>K22))>0),"⚠ Cap không đồng nhất","✓ OK")))) -> ✓ OK | S22: =IF(OR(B22="",E22=""),"",IF(COUNTIFS($B$5:$B22,B22,$E$5:$E22,E22)=1,MAX($S$4:$S21)+1,"")) -> 7
A23: =IF(B23="","","R"&TEXT(ROW()-4,"000")) -> R019 | B23: TCB-B | C23: =IF(B23="","",IFERROR(INDEX(CARDS!$B$5:$B$34,MATCH(B23,CARDS!$A$5:$A$34,0)),"⚠ Card ID?")) -> Techcombank | D23: =IF(B23="","",IFERROR(INDEX(CARDS!$C$5:$C$34,MATCH(B23,CARDS!$A$5:$A$34,0)),"⚠ Card ID?")) -> Cashback Demo B | E23: Group 2 | F23: Healthcare | G23: 8062 | H23: =IF(G23="","",IFERROR(INDEX(MCC_MASTER!$B$5:$B$504,MATCH(G23,MCC_MASTER!$A$5:$A$504,0)),"⚠ MCC chưa có trong MCC_MASTER")) -> Hospitals | I23: 0.05 | J23: 300000 | K23: 2000000 | Q23: SAMPLE DATA — có thể xóa | R23: =IF(B23="","",IF(ISNA(MATCH(B23,CARDS!$A$5:$A$34,0)),"⚠ Card ID không tồn tại",IF(E23="","⚠ Thiếu Nhóm cashback",IF(OR(SUMPRODUCT(($B$5:$B$304=B23)*($E$5:$E$304=E23)*($J$5:$J$304<>J23))>0,SUMPRODUCT(($B$5:$B$304=B23)*($K$5:$K$304<>K23))>0),"⚠ Cap không đồng nhất","✓ OK")))) -> ✓ OK | S23: =IF(OR(B23="",E23=""),"",IF(COUNTIFS($B$5:$B23,B23,$E$5:$E23,E23)=1,MAX($S$4:$S22)+1,""))
A24: =IF(B24="","","R"&TEXT(ROW()-4,"000")) -> R020 | B24: TCB-B | C24: =IF(B24="","",IFERROR(INDEX(CARDS!$B$5:$B$34,MATCH(B24,CARDS!$A$5:$A$34,0)),"⚠ Card ID?")) -> Techcombank | D24: =IF(B24="","",IFERROR(INDEX(CARDS!$C$5:$C$34,MATCH(B24,CARDS!$A$5:$A$34,0)),"⚠ Card ID?")) -> Cashback Demo B | E24: Group 3 | F24: Utilities & Telecom | G24: 4814 | H24: =IF(G24="","",IFERROR(INDEX(MCC_MASTER!$B$5:$B$504,MATCH(G24,MCC_MASTER!$A$5:$A$504,0)),"⚠ MCC chưa có trong MCC_MASTER")) -> Telecommunication Services | I24: 0.05 | J24: 300000 | K24: 2000000 | Q24: SAMPLE DATA — có thể xóa | R24: =IF(B24="","",IF(ISNA(MATCH(B24,CARDS!$A$5:$A$34,0)),"⚠ Card ID không tồn tại",IF(E24="","⚠ Thiếu Nhóm cashback",IF(OR(SUMPRODUCT(($B$5:$B$304=B24)*($E$5:$E$304=E24)*($J$5:$J$304<>J24))>0,SUMPRODUCT(($B$5:$B$304=B24)*($K$5:$K$304<>K24))>0),"⚠ Cap không đồng nhất","✓ OK")))) -> ✓ OK | S24: =IF(OR(B24="",E24=""),"",IF(COUNTIFS($B$5:$B24,B24,$E$5:$E24,E24)=1,MAX($S$4:$S23)+1,"")) -> 8
A25: =IF(B25="","","R"&TEXT(ROW()-4,"000")) -> R021 | B25: TCB-B | C25: =IF(B25="","",IFERROR(INDEX(CARDS!$B$5:$B$34,MATCH(B25,CARDS!$A$5:$A$34,0)),"⚠ Card ID?")) -> Techcombank | D25: =IF(B25="","",IFERROR(INDEX(CARDS!$C$5:$C$34,MATCH(B25,CARDS!$A$5:$A$34,0)),"⚠ Card ID?")) -> Cashback Demo B | E25: Group 3 | F25: Utilities & Telecom | G25: 4900 | H25: =IF(G25="","",IFERROR(INDEX(MCC_MASTER!$B$5:$B$504,MATCH(G25,MCC_MASTER!$A$5:$A$504,0)),"⚠ MCC chưa có trong MCC_MASTER")) -> Utilities – Electric, Gas, Water, Sanitary | I25: 0.05 | J25: 300000 | K25: 2000000 | Q25: SAMPLE DATA — có thể xóa | R25: =IF(B25="","",IF(ISNA(MATCH(B25,CARDS!$A$5:$A$34,0)),"⚠ Card ID không tồn tại",IF(E25="","⚠ Thiếu Nhóm cashback",IF(OR(SUMPRODUCT(($B$5:$B$304=B25)*($E$5:$E$304=E25)*($J$5:$J$304<>J25))>0,SUMPRODUCT(($B$5:$B$304=B25)*($K$5:$K$304<>K25))>0),"⚠ Cap không đồng nhất","✓ OK")))) -> ✓ OK | S25: =IF(OR(B25="",E25=""),"",IF(COUNTIFS($B$5:$B25,B25,$E$5:$E25,E25)=1,MAX($S$4:$S24)+1,""))
A26: =IF(B26="","","R"&TEXT(ROW()-4,"000")) -> R022 | B26: UOB-C | C26: =IF(B26="","",IFERROR(INDEX(CARDS!$B$5:$B$34,MATCH(B26,CARDS!$A$5:$A$34,0)),"⚠ Card ID?")) -> UOB | D26: =IF(B26="","",IFERROR(INDEX(CARDS!$C$5:$C$34,MATCH(B26,CARDS!$A$5:$A$34,0)),"⚠ Card ID?")) -> Cashback Demo C | E26: Group 1 | F26: Dining | G26: 5812 | H26: =IF(G26="","",IFERROR(INDEX(MCC_MASTER!$B$5:$B$504,MATCH(G26,MCC_MASTER!$A$5:$A$504,0)),"⚠ MCC chưa có trong MCC_MASTER")) -> Eating Places / Restaurants | I26: 0.15 | J26: 1000000 | Q26: SAMPLE DATA — có thể xóa | R26: =IF(B26="","",IF(ISNA(MATCH(B26,CARDS!$A$5:$A$34,0)),"⚠ Card ID không tồn tại",IF(E26="","⚠ Thiếu Nhóm cashback",IF(OR(SUMPRODUCT(($B$5:$B$304=B26)*($E$5:$E$304=E26)*($J$5:$J$304<>J26))>0,SUMPRODUCT(($B$5:$B$304=B26)*($K$5:$K$304<>K26))>0),"⚠ Cap không đồng nhất","✓ OK")))) -> ✓ OK | S26: =IF(OR(B26="",E26=""),"",IF(COUNTIFS($B$5:$B26,B26,$E$5:$E26,E26)=1,MAX($S$4:$S25)+1,"")) -> 9
A27: =IF(B27="","","R"&TEXT(ROW()-4,"000")) -> R023 | B27: UOB-C | C27: =IF(B27="","",IFERROR(INDEX(CARDS!$B$5:$B$34,MATCH(B27,CARDS!$A$5:$A$34,0)),"⚠ Card ID?")) -> UOB | D27: =IF(B27="","",IFERROR(INDEX(CARDS!$C$5:$C$34,MATCH(B27,CARDS!$A$5:$A$34,0)),"⚠ Card ID?")) -> Cashback Demo C | E27: Group 1 | F27: Dining | G27: 5814 | H27: =IF(G27="","",IFERROR(INDEX(MCC_MASTER!$B$5:$B$504,MATCH(G27,MCC_MASTER!$A$5:$A$504,0)),"⚠ MCC chưa có trong MCC_MASTER")) -> Fast Food Restaurants | I27: 0.15 | J27: 1000000 | Q27: SAMPLE DATA — có thể xóa | R27: =IF(B27="","",IF(ISNA(MATCH(B27,CARDS!$A$5:$A$34,0)),"⚠ Card ID không tồn tại",IF(E27="","⚠ Thiếu Nhóm cashback",IF(OR(SUMPRODUCT(($B$5:$B$304=B27)*($E$5:$E$304=E27)*($J$5:$J$304<>J27))>0,SUMPRODUCT(($B$5:$B$304=B27)*($K$5:$K$304<>K27))>0),"⚠ Cap không đồng nhất","✓ OK")))) -> ✓ OK | S27: =IF(OR(B27="",E27=""),"",IF(COUNTIFS($B$5:$B27,B27,$E$5:$E27,E27)=1,MAX($S$4:$S26)+1,""))
A28: =IF(B28="","","R"&TEXT(ROW()-4,"000")) -> R024 | B28: MB-D | C28: =IF(B28="","",IFERROR(INDEX(CARDS!$B$5:$B$34,MATCH(B28,CARDS!$A$5:$A$34,0)),"⚠ Card ID?")) -> MB | D28: =IF(B28="","",IFERROR(INDEX(CARDS!$C$5:$C$34,MATCH(B28,CARDS!$A$5:$A$34,0)),"⚠ Card ID?")) -> Cashback Demo D | E28: Dining | F28: Dining | G28: 5812 | H28: =IF(G28="","",IFERROR(INDEX(MCC_MASTER!$B$5:$B$504,MATCH(G28,MCC_MASTER!$A$5:$A$504,0)),"⚠ MCC chưa có trong MCC_MASTER")) -> Eating Places / Restaurants | I28: 0.08 | J28: 500000 | K28: 600000 | L28: 5000000 | P28: Tối đa 5.000.000 chi tiêu tính cashback / tháng | Q28: SAMPLE DATA — có thể xóa | R28: =IF(B28="","",IF(ISNA(MATCH(B28,CARDS!$A$5:$A$34,0)),"⚠ Card ID không tồn tại",IF(E28="","⚠ Thiếu Nhóm cashback",IF(OR(SUMPRODUCT(($B$5:$B$304=B28)*($E$5:$E$304=E28)*($J$5:$J$304<>J28))>0,SUMPRODUCT(($B$5:$B$304=B28)*($K$5:$K$304<>K28))>0),"⚠ Cap không đồng nhất","✓ OK")))) -> ✓ OK | S28: =IF(OR(B28="",E28=""),"",IF(COUNTIFS($B$5:$B28,B28,$E$5:$E28,E28)=1,MAX($S$4:$S27)+1,"")) -> 10
A29: =IF(B29="","","R"&TEXT(ROW()-4,"000")) -> R025 | B29: MB-D | C29: =IF(B29="","",IFERROR(INDEX(CARDS!$B$5:$B$34,MATCH(B29,CARDS!$A$5:$A$34,0)),"⚠ Card ID?")) -> MB | D29: =IF(B29="","",IFERROR(INDEX(CARDS!$C$5:$C$34,MATCH(B29,CARDS!$A$5:$A$34,0)),"⚠ Card ID?")) -> Cashback Demo D | E29: Fuel | F29: Fuel | G29: 5541 | H29: =IF(G29="","",IFERROR(INDEX(MCC_MASTER!$B$5:$B$504,MATCH(G29,MCC_MASTER!$A$5:$A$504,0)),"⚠ MCC chưa có trong MCC_MASTER")) -> Service Stations | I29: 0.03 | J29: 200000 | K29: 600000 | Q29: SAMPLE DATA — có thể xóa | R29: =IF(B29="","",IF(ISNA(MATCH(B29,CARDS!$A$5:$A$34,0)),"⚠ Card ID không tồn tại",IF(E29="","⚠ Thiếu Nhóm cashback",IF(OR(SUMPRODUCT(($B$5:$B$304=B29)*($E$5:$E$304=E29)*($J$5:$J$304<>J29))>0,SUMPRODUCT(($B$5:$B$304=B29)*($K$5:$K$304<>K29))>0),"⚠ Cap không đồng nhất","✓ OK")))) -> ✓ OK | S29: =IF(OR(B29="",E29=""),"",IF(COUNTIFS($B$5:$B29,B29,$E$5:$E29,E29)=1,MAX($S$4:$S28)+1,"")) -> 11
A30: =IF(B30="","","R"&TEXT(ROW()-4,"000")) -> R026 | B30: MB-D | C30: =IF(B30="","",IFERROR(INDEX(CARDS!$B$5:$B$34,MATCH(B30,CARDS!$A$5:$A$34,0)),"⚠ Card ID?")) -> MB | D30: =IF(B30="","",IFERROR(INDEX(CARDS!$C$5:$C$34,MATCH(B30,CARDS!$A$5:$A$34,0)),"⚠ Card ID?")) -> Cashback Demo D | E30: Groceries | F30: Groceries | G30: 5411 | H30: =IF(G30="","",IFERROR(INDEX(MCC_MASTER!$B$5:$B$504,MATCH(G30,MCC_MASTER!$A$5:$A$504,0)),"⚠ MCC chưa có trong MCC_MASTER")) -> Grocery Stores / Supermarkets | I30: 0.02 | J30: 100000 | K30: 600000 | M30: 100000 | P30: Giao dịch tối thiểu 100.000 | Q30: SAMPLE DATA — có thể xóa | R30: =IF(B30="","",IF(ISNA(MATCH(B30,CARDS!$A$5:$A$34,0)),"⚠ Card ID không tồn tại",IF(E30="","⚠ Thiếu Nhóm cashback",IF(OR(SUMPRODUCT(($B$5:$B$304=B30)*($E$5:$E$304=E30)*($J$5:$J$304<>J30))>0,SUMPRODUCT(($B$5:$B$304=B30)*($K$5:$K$304<>K30))>0),"⚠ Cap không đồng nhất","✓ OK")))) -> ✓ OK | S30: =IF(OR(B30="",E30=""),"",IF(COUNTIFS($B$5:$B30,B30,$E$5:$E30,E30)=1,MAX($S$4:$S29)+1,"")) -> 12
A31: =IF(B31="","","R"&TEXT(ROW()-4,"000")) -> R027 | B31: MB-D | C31: =IF(B31="","",IFERROR(INDEX(CARDS!$B$5:$B$34,MATCH(B31,CARDS!$A$5:$A$34,0)),"⚠ Card ID?")) -> MB | D31: =IF(B31="","",IFERROR(INDEX(CARDS!$C$5:$C$34,MATCH(B31,CARDS!$A$5:$A$34,0)),"⚠ Card ID?")) -> Cashback Demo D | E31: Shopping | F31: Shopping | G31: 5311 | H31: =IF(G31="","",IFERROR(INDEX(MCC_MASTER!$B$5:$B$504,MATCH(G31,MCC_MASTER!$A$5:$A$504,0)),"⚠ MCC chưa có trong MCC_MASTER")) -> Department Stores | I31: 0.01 | J31: 100000 | K31: 600000 | Q31: SAMPLE DATA — có thể xóa | R31: =IF(B31="","",IF(ISNA(MATCH(B31,CARDS!$A$5:$A$34,0)),"⚠ Card ID không tồn tại",IF(E31="","⚠ Thiếu Nhóm cashback",IF(OR(SUMPRODUCT(($B$5:$B$304=B31)*($E$5:$E$304=E31)*($J$5:$J$304<>J31))>0,SUMPRODUCT(($B$5:$B$304=B31)*($K$5:$K$304<>K31))>0),"⚠ Cap không đồng nhất","✓ OK")))) -> ✓ OK | S31: =IF(OR(B31="",E31=""),"",IF(COUNTIFS($B$5:$B31,B31,$E$5:$E31,E31)=1,MAX($S$4:$S30)+1,"")) -> 13
A32: =IF(B32="","","R"&TEXT(ROW()-4,"000")) | C32: =IF(B32="","",IFERROR(INDEX(CARDS!$B$5:$B$34,MATCH(B32,CARDS!$A$5:$A$34,0)),"⚠ Card ID?")) | D32: =IF(B32="","",IFERROR(INDEX(CARDS!$C$5:$C$34,MATCH(B32,CARDS!$A$5:$A$34,0)),"⚠ Card ID?")) | H32: =IF(G32="","",IFERROR(INDEX(MCC_MASTER!$B$5:$B$504,MATCH(G32,MCC_MASTER!$A$5:$A$504,0)),"⚠ MCC chưa có trong MCC_MASTER")) | R32: =IF(B32="","",IF(ISNA(MATCH(B32,CARDS!$A$5:$A$34,0)),"⚠ Card ID không tồn tại",IF(E32="","⚠ Thiếu Nhóm cashback",IF(OR(SUMPRODUCT(($B$5:$B$304=B32)*($E$5:$E$304=E32)*($J$5:$J$304<>J32))>0,SUMPRODUCT(($B$5:$B$304=B32)*($K$5:$K$304<>K32))>0),"⚠ Cap không đồng nhất","✓ OK")))) | S32: =IF(OR(B32="",E32=""),"",IF(COUNTIFS($B$5:$B32,B32,$E$5:$E32,E32)=1,MAX($S$4:$S31)+1,""))
A33: =IF(B33="","","R"&TEXT(ROW()-4,"000")) | C33: =IF(B33="","",IFERROR(INDEX(CARDS!$B$5:$B$34,MATCH(B33,CARDS!$A$5:$A$34,0)),"⚠ Card ID?")) | D33: =IF(B33="","",IFERROR(INDEX(CARDS!$C$5:$C$34,MATCH(B33,CARDS!$A$5:$A$34,0)),"⚠ Card ID?")) | H33: =IF(G33="","",IFERROR(INDEX(MCC_MASTER!$B$5:$B$504,MATCH(G33,MCC_MASTER!$A$5:$A$504,0)),"⚠ MCC chưa có trong MCC_MASTER")) | R33: =IF(B33="","",IF(ISNA(MATCH(B33,CARDS!$A$5:$A$34,0)),"⚠ Card ID không tồn tại",IF(E33="","⚠ Thiếu Nhóm cashback",IF(OR(SUMPRODUCT(($B$5:$B$304=B33)*($E$5:$E$304=E33)*($J$5:$J$304<>J33))>0,SUMPRODUCT(($B$5:$B$304=B33)*($K$5:$K$304<>K33))>0),"⚠ Cap không đồng nhất","✓ OK")))) | S33: =IF(OR(B33="",E33=""),"",IF(COUNTIFS($B$5:$B33,B33,$E$5:$E33,E33)=1,MAX($S$4:$S32)+1,""))
A34: =IF(B34="","","R"&TEXT(ROW()-4,"000")) | C34: =IF(B34="","",IFERROR(INDEX(CARDS!$B$5:$B$34,MATCH(B34,CARDS!$A$5:$A$34,0)),"⚠ Card ID?")) | D34: =IF(B34="","",IFERROR(INDEX(CARDS!$C$5:$C$34,MATCH(B34,CARDS!$A$5:$A$34,0)),"⚠ Card ID?")) | H34: =IF(G34="","",IFERROR(INDEX(MCC_MASTER!$B$5:$B$504,MATCH(G34,MCC_MASTER!$A$5:$A$504,0)),"⚠ MCC chưa có trong MCC_MASTER")) | R34: =IF(B34="","",IF(ISNA(MATCH(B34,CARDS!$A$5:$A$34,0)),"⚠ Card ID không tồn tại",IF(E34="","⚠ Thiếu Nhóm cashback",IF(OR(SUMPRODUCT(($B$5:$B$304=B34)*($E$5:$E$304=E34)*($J$5:$J$304<>J34))>0,SUMPRODUCT(($B$5:$B$304=B34)*($K$5:$K$304<>K34))>0),"⚠ Cap không đồng nhất","✓ OK")))) | S34: =IF(OR(B34="",E34=""),"",IF(COUNTIFS($B$5:$B34,B34,$E$5:$E34,E34)=1,MAX($S$4:$S33)+1,""))
A35: =IF(B35="","","R"&TEXT(ROW()-4,"000")) | C35: =IF(B35="","",IFERROR(INDEX(CARDS!$B$5:$B$34,MATCH(B35,CARDS!$A$5:$A$34,0)),"⚠ Card ID?")) | D35: =IF(B35="","",IFERROR(INDEX(CARDS!$C$5:$C$34,MATCH(B35,CARDS!$A$5:$A$34,0)),"⚠ Card ID?")) | H35: =IF(G35="","",IFERROR(INDEX(MCC_MASTER!$B$5:$B$504,MATCH(G35,MCC_MASTER!$A$5:$A$504,0)),"⚠ MCC chưa có trong MCC_MASTER")) | R35: =IF(B35="","",IF(ISNA(MATCH(B35,CARDS!$A$5:$A$34,0)),"⚠ Card ID không tồn tại",IF(E35="","⚠ Thiếu Nhóm cashback",IF(OR(SUMPRODUCT(($B$5:$B$304=B35)*($E$5:$E$304=E35)*($J$5:$J$304<>J35))>0,SUMPRODUCT(($B$5:$B$304=B35)*($K$5:$K$304<>K35))>0),"⚠ Cap không đồng nhất","✓ OK")))) | S35: =IF(OR(B35="",E35=""),"",IF(COUNTIFS($B$5:$B35,B35,$E$5:$E35,E35)=1,MAX($S$4:$S34)+1,""))
A36: =IF(B36="","","R"&TEXT(ROW()-4,"000")) | C36: =IF(B36="","",IFERROR(INDEX(CARDS!$B$5:$B$34,MATCH(B36,CARDS!$A$5:$A$34,0)),"⚠ Card ID?")) | D36: =IF(B36="","",IFERROR(INDEX(CARDS!$C$5:$C$34,MATCH(B36,CARDS!$A$5:$A$34,0)),"⚠ Card ID?")) | H36: =IF(G36="","",IFERROR(INDEX(MCC_MASTER!$B$5:$B$504,MATCH(G36,MCC_MASTER!$A$5:$A$504,0)),"⚠ MCC chưa có trong MCC_MASTER")) | R36: =IF(B36="","",IF(ISNA(MATCH(B36,CARDS!$A$5:$A$34,0)),"⚠ Card ID không tồn tại",IF(E36="","⚠ Thiếu Nhóm cashback",IF(OR(SUMPRODUCT(($B$5:$B$304=B36)*($E$5:$E$304=E36)*($J$5:$J$304<>J36))>0,SUMPRODUCT(($B$5:$B$304=B36)*($K$5:$K$304<>K36))>0),"⚠ Cap không đồng nhất","✓ OK")))) | S36: =IF(OR(B36="",E36=""),"",IF(COUNTIFS($B$5:$B36,B36,$E$5:$E36,E36)=1,MAX($S$4:$S35)+1,""))
A37: =IF(B37="","","R"&TEXT(ROW()-4,"000")) | C37: =IF(B37="","",IFERROR(INDEX(CARDS!$B$5:$B$34,MATCH(B37,CARDS!$A$5:$A$34,0)),"⚠ Card ID?")) | D37: =IF(B37="","",IFERROR(INDEX(CARDS!$C$5:$C$34,MATCH(B37,CARDS!$A$5:$A$34,0)),"⚠ Card ID?")) | H37: =IF(G37="","",IFERROR(INDEX(MCC_MASTER!$B$5:$B$504,MATCH(G37,MCC_MASTER!$A$5:$A$504,0)),"⚠ MCC chưa có trong MCC_MASTER")) | R37: =IF(B37="","",IF(ISNA(MATCH(B37,CARDS!$A$5:$A$34,0)),"⚠ Card ID không tồn tại",IF(E37="","⚠ Thiếu Nhóm cashback",IF(OR(SUMPRODUCT(($B$5:$B$304=B37)*($E$5:$E$304=E37)*($J$5:$J$304<>J37))>0,SUMPRODUCT(($B$5:$B$304=B37)*($K$5:$K$304<>K37))>0),"⚠ Cap không đồng nhất","✓ OK")))) | S37: =IF(OR(B37="",E37=""),"",IF(COUNTIFS($B$5:$B37,B37,$E$5:$E37,E37)=1,MAX($S$4:$S36)+1,""))
A38: =IF(B38="","","R"&TEXT(ROW()-4,"000")) | C38: =IF(B38="","",IFERROR(INDEX(CARDS!$B$5:$B$34,MATCH(B38,CARDS!$A$5:$A$34,0)),"⚠ Card ID?")) | D38: =IF(B38="","",IFERROR(INDEX(CARDS!$C$5:$C$34,MATCH(B38,CARDS!$A$5:$A$34,0)),"⚠ Card ID?")) | H38: =IF(G38="","",IFERROR(INDEX(MCC_MASTER!$B$5:$B$504,MATCH(G38,MCC_MASTER!$A$5:$A$504,0)),"⚠ MCC chưa có trong MCC_MASTER")) | R38: =IF(B38="","",IF(ISNA(MATCH(B38,CARDS!$A$5:$A$34,0)),"⚠ Card ID không tồn tại",IF(E38="","⚠ Thiếu Nhóm cashback",IF(OR(SUMPRODUCT(($B$5:$B$304=B38)*($E$5:$E$304=E38)*($J$5:$J$304<>J38))>0,SUMPRODUCT(($B$5:$B$304=B38)*($K$5:$K$304<>K38))>0),"⚠ Cap không đồng nhất","✓ OK")))) | S38: =IF(OR(B38="",E38=""),"",IF(COUNTIFS($B$5:$B38,B38,$E$5:$E38,E38)=1,MAX($S$4:$S37)+1,""))
A39: =IF(B39="","","R"&TEXT(ROW()-4,"000")) | C39: =IF(B39="","",IFERROR(INDEX(CARDS!$B$5:$B$34,MATCH(B39,CARDS!$A$5:$A$34,0)),"⚠ Card ID?")) | D39: =IF(B39="","",IFERROR(INDEX(CARDS!$C$5:$C$34,MATCH(B39,CARDS!$A$5:$A$34,0)),"⚠ Card ID?")) | H39: =IF(G39="","",IFERROR(INDEX(MCC_MASTER!$B$5:$B$504,MATCH(G39,MCC_MASTER!$A$5:$A$504,0)),"⚠ MCC chưa có trong MCC_MASTER")) | R39: =IF(B39="","",IF(ISNA(MATCH(B39,CARDS!$A$5:$A$34,0)),"⚠ Card ID không tồn tại",IF(E39="","⚠ Thiếu Nhóm cashback",IF(OR(SUMPRODUCT(($B$5:$B$304=B39)*($E$5:$E$304=E39)*($J$5:$J$304<>J39))>0,SUMPRODUCT(($B$5:$B$304=B39)*($K$5:$K$304<>K39))>0),"⚠ Cap không đồng nhất","✓ OK")))) | S39: =IF(OR(B39="",E39=""),"",IF(COUNTIFS($B$5:$B39,B39,$E$5:$E39,E39)=1,MAX($S$4:$S38)+1,""))
A40: =IF(B40="","","R"&TEXT(ROW()-4,"000")) | C40: =IF(B40="","",IFERROR(INDEX(CARDS!$B$5:$B$34,MATCH(B40,CARDS!$A$5:$A$34,0)),"⚠ Card ID?")) | D40: =IF(B40="","",IFERROR(INDEX(CARDS!$C$5:$C$34,MATCH(B40,CARDS!$A$5:$A$34,0)),"⚠ Card ID?")) | H40: =IF(G40="","",IFERROR(INDEX(MCC_MASTER!$B$5:$B$504,MATCH(G40,MCC_MASTER!$A$5:$A$504,0)),"⚠ MCC chưa có trong MCC_MASTER")) | R40: =IF(B40="","",IF(ISNA(MATCH(B40,CARDS!$A$5:$A$34,0)),"⚠ Card ID không tồn tại",IF(E40="","⚠ Thiếu Nhóm cashback",IF(OR(SUMPRODUCT(($B$5:$B$304=B40)*($E$5:$E$304=E40)*($J$5:$J$304<>J40))>0,SUMPRODUCT(($B$5:$B$304=B40)*($K$5:$K$304<>K40))>0),"⚠ Cap không đồng nhất","✓ OK")))) | S40: =IF(OR(B40="",E40=""),"",IF(COUNTIFS($B$5:$B40,B40,$E$5:$E40,E40)=1,MAX($S$4:$S39)+1,""))
A41: =IF(B41="","","R"&TEXT(ROW()-4,"000")) | C41: =IF(B41="","",IFERROR(INDEX(CARDS!$B$5:$B$34,MATCH(B41,CARDS!$A$5:$A$34,0)),"⚠ Card ID?")) | D41: =IF(B41="","",IFERROR(INDEX(CARDS!$C$5:$C$34,MATCH(B41,CARDS!$A$5:$A$34,0)),"⚠ Card ID?")) | H41: =IF(G41="","",IFERROR(INDEX(MCC_MASTER!$B$5:$B$504,MATCH(G41,MCC_MASTER!$A$5:$A$504,0)),"⚠ MCC chưa có trong MCC_MASTER")) | R41: =IF(B41="","",IF(ISNA(MATCH(B41,CARDS!$A$5:$A$34,0)),"⚠ Card ID không tồn tại",IF(E41="","⚠ Thiếu Nhóm cashback",IF(OR(SUMPRODUCT(($B$5:$B$304=B41)*($E$5:$E$304=E41)*($J$5:$J$304<>J41))>0,SUMPRODUCT(($B$5:$B$304=B41)*($K$5:$K$304<>K41))>0),"⚠ Cap không đồng nhất","✓ OK")))) | S41: =IF(OR(B41="",E41=""),"",IF(COUNTIFS($B$5:$B41,B41,$E$5:$E41,E41)=1,MAX($S$4:$S40)+1,""))
A42: =IF(B42="","","R"&TEXT(ROW()-4,"000")) | C42: =IF(B42="","",IFERROR(INDEX(CARDS!$B$5:$B$34,MATCH(B42,CARDS!$A$5:$A$34,0)),"⚠ Card ID?")) | D42: =IF(B42="","",IFERROR(INDEX(CARDS!$C$5:$C$34,MATCH(B42,CARDS!$A$5:$A$34,0)),"⚠ Card ID?")) | H42: =IF(G42="","",IFERROR(INDEX(MCC_MASTER!$B$5:$B$504,MATCH(G42,MCC_MASTER!$A$5:$A$504,0)),"⚠ MCC chưa có trong MCC_MASTER")) | R42: =IF(B42="","",IF(ISNA(MATCH(B42,CARDS!$A$5:$A$34,0)),"⚠ Card ID không tồn tại",IF(E42="","⚠ Thiếu Nhóm cashback",IF(OR(SUMPRODUCT(($B$5:$B$304=B42)*($E$5:$E$304=E42)*($J$5:$J$304<>J42))>0,SUMPRODUCT(($B$5:$B$304=B42)*($K$5:$K$304<>K42))>0),"⚠ Cap không đồng nhất","✓ OK")))) | S42: =IF(OR(B42="",E42=""),"",IF(COUNTIFS($B$5:$B42,B42,$E$5:$E42,E42)=1,MAX($S$4:$S41)+1,""))
A43: =IF(B43="","","R"&TEXT(ROW()-4,"000")) | C43: =IF(B43="","",IFERROR(INDEX(CARDS!$B$5:$B$34,MATCH(B43,CARDS!$A$5:$A$34,0)),"⚠ Card ID?")) | D43: =IF(B43="","",IFERROR(INDEX(CARDS!$C$5:$C$34,MATCH(B43,CARDS!$A$5:$A$34,0)),"⚠ Card ID?")) | H43: =IF(G43="","",IFERROR(INDEX(MCC_MASTER!$B$5:$B$504,MATCH(G43,MCC_MASTER!$A$5:$A$504,0)),"⚠ MCC chưa có trong MCC_MASTER")) | R43: =IF(B43="","",IF(ISNA(MATCH(B43,CARDS!$A$5:$A$34,0)),"⚠ Card ID không tồn tại",IF(E43="","⚠ Thiếu Nhóm cashback",IF(OR(SUMPRODUCT(($B$5:$B$304=B43)*($E$5:$E$304=E43)*($J$5:$J$304<>J43))>0,SUMPRODUCT(($B$5:$B$304=B43)*($K$5:$K$304<>K43))>0),"⚠ Cap không đồng nhất","✓ OK")))) | S43: =IF(OR(B43="",E43=""),"",IF(COUNTIFS($B$5:$B43,B43,$E$5:$E43,E43)=1,MAX($S$4:$S42)+1,""))
... A304: =IF(B304="","","R"&TEXT(ROW()-4,"000")) | C304: =IF(B304="","",IFERROR(INDEX(CARDS!$B$5:$B$34,MATCH(B304,CARDS!$A$5:$A$34,0)),"⚠ Card ID?")) | D304: =IF(B304="","",IFERROR(INDEX(CARDS!$C$5:$C$34,MATCH(B304,CARDS!$A$5:$A$34,0)),"⚠ Card ID?")) | H304: =IF(G304="","",IFERROR(INDEX(MCC_MASTER!$B$5:$B$504,MATCH(G304,MCC_MASTER!$A$5:$A$504,0)),"⚠ MCC chưa có trong MCC_MASTER")) | R304: =IF(B304="","",IF(ISNA(MATCH(B304,CARDS!$A$5:$A$34,0)),"⚠ Card ID không tồn tại",IF(E304="","⚠ Thiếu Nhóm cashback",IF(OR(SUMPRODUCT(($B$5:$B$304=B304)*($E$5:$E$304=E304)*($J$5:$J$304<>J304))>0,SUMPRODUCT(($B$5:$B$304=B304)*($K$5:$K$304<>K304))>0),"⚠ Cap không đồng nhất","✓ OK")))) | S304: =IF(OR(B304="",E304=""),"",IF(COUNTIFS($B$5:$B304,B304,$E$5:$E304,E304)=1,MAX($S$4:$S303)+1,""))

Sheet MCC_MASTER
A1: 🏷 MCC_MASTER — danh mục mã MCC
A2: Thêm MCC mới ở dòng trống cuối bảng — dùng được ngay ở rule và giao dịch. Category chọn từ SETTINGS.
A3: ✎ ô chữ xanh = nhập liệu · ⚙ ô nền xám = tự động (không sửa)
A4: MCC | B4: MCC Name | C4: Category | D4: Subcategory | E4: Description
A5: 4111 | B5: Local / Suburban Commuter Transport | C5: Transport | D5: Public transit | E5: Tàu điện, xe buýt nội đô
A6: 4121 | B6: Taxicabs / Limousines | C6: Transport | D6: Ride-hailing | E6: Taxi, xe công nghệ (Grab, Xanh SM...)
A7: 4131 | B7: Bus Lines | C7: Transport | D7: Public transit | E7: Xe khách, xe buýt liên tỉnh
A8: 4511 | B8: Airlines, Air Carriers | C8: Travel | D8: Airlines | E8: Hãng hàng không (một số hãng dùng MCC 3000–3299)
A9: 4722 | B9: Travel Agencies & Tour Operators | C9: Travel | D9: Travel agency | E9: Đại lý du lịch, tour
A10: 4784 | B10: Tolls and Bridge Fees | C10: Transport | D10: Tolls | E10: Phí cầu đường, BOT
A11: 4789 | B11: Transportation Services (NEC) | C11: Transport | D11: Other transport | E11: Dịch vụ vận tải khác
A12: 4814 | B12: Telecommunication Services | C12: Utilities & Telecom | D12: Telecom | E12: Viễn thông, nạp tiền điện thoại
A13: 4816 | B13: Computer Network / Information Services | C13: Digital & Subscriptions | D13: Online services | E13: Dịch vụ mạng, hosting
A14: 4899 | B14: Cable, Satellite & Pay TV / Radio | C14: Entertainment | D14: Pay TV | E14: Truyền hình trả tiền
A15: 4900 | B15: Utilities – Electric, Gas, Water, Sanitary | C15: Utilities & Telecom | D15: Utilities | E15: Điện, nước, gas
A16: 5200 | B16: Home Supply Warehouse Stores | C16: Home & Living | D16: Home improvement | E16: Cửa hàng vật tư gia đình
... A88: 9399 | B88: Government Services (NEC) | C88: Other | D88: Government | E88: Dịch vụ công

Sheet TRANSACTIONS_MASTER
A1: 🧾 TRANSACTIONS_MASTER — database giao dịch (nơi DUY NHẤT để nhập giao dịch)
A2: Nhập theo thứ tự thời gian, không Sort (Filter thoải mái). Các cột xám tự tính: rule, rate, cap nhóm, cap thẻ, cashback thực nhận, sao kê…
A3: ⚠ SAMPLE DATA — có thể xóa · ✎ ô chữ xanh = nhập liệu · ⚙ ô nền xám = tự động (không sửa)
A4: Transaction ID | B4: Date | C4: Month | D4: Card ID | E4: Bank | F4: Card Name | G4: Merchant | H4: Description | I4: MCC | J4: MCC Name | K4: Category | L4: Amount | M4: Eligible Cashback | N4: Cashback Rate | O4: Calculated Cashback | P4: Cashback Cap | Q4: Actual Cashback | R4: Remaining Cashback Cap | S4: Statement Month | T4: Payment Date | U4: Status | V4: Notes | W4: Rule ID (tùy chọn) | X4: Payment Status | Y4: Rule ID áp dụng | Z4: Nhóm cashback | AA4: Cap thẻ / tháng | AB4: Trạng thái hoàn | AC4: Rule row (helper) | AD4: Ngày sao kê (helper) | AE4: Month key (helper) | AF4: Đã hoàn nhóm trước (helper) | AG4: Đã hoàn thẻ trước (helper) | AH4: Eligible nhóm trước (helper) | AI4: MCC flag (helper) | AJ4: MCC seq (helper) | AK4: Category flag (helper) | AL4: Category seq (helper) | AM4: Merchant flag (helper) | AN4: Merchant seq (helper)
A5: =IF(OR($B5="",$D5=""),"","TX"&TEXT(ROW()-4,"0000")) -> TX0001 | B5: 46268 | C5: =IF($B5="","",YEAR($B5)*100+MONTH($B5)) -> 202609 | D5: VPB-JCBZ | E5: =IF($D5="","",IFERROR(INDEX(CARDS!$B$5:$B$34,MATCH($D5,CARDS!$A$5:$A$34,0)),"⚠ Card ID?")) -> VPBank | F5: =IF($D5="","",IFERROR(INDEX(CARDS!$C$5:$C$34,MATCH($D5,CARDS!$A$5:$A$34,0)),"⚠ Card ID?")) -> JCB Z Card | G5: Highlands Coffee | H5: Cà phê | I5: 5814 | J5: =IF($I5="","",IFERROR(INDEX(MCC_MASTER!$B$5:$B$504,MATCH($I5,MCC_MASTER!$A$5:$A$504,0)),"⚠ MCC chưa có")) -> Fast Food Restaurants | K5: =IF($I5="","",IFERROR(IF(INDEX(MCC_MASTER!$C$5:$C$504,MATCH($I5,MCC_MASTER!$A$5:$A$504,0))="","Chưa phân loại",INDEX(MCC_MASTER!$C$5:$C$504,MATCH($I5,MCC_MASTER!$A$5:$A$504,0))),"Chưa phân loại")) -> Dining | L5: 150000 | M5: =IF(OR($B5="",$D5=""),"",IF($AC5=0,0,IF(ISNUMBER(INDEX(CASHBACK_RULES!$L$5:$L$304,$AC5)),MAX(0,MIN($L5,INDEX(CASHBACK_RULES!$L$5:$L$304,$AC5)-$AH5)),MAX(0,$L5)))) -> 150000 | N5: =IF(OR($B5="",$D5=""),"",IF($AC5>0,INDEX(CASHBACK_RULES!$I$5:$I$304,$AC5),0)) -> 0.15 | O5: =IF(OR($B5="",$D5=""),"",ROUND($M5*$N5,0)) -> 22500 | P5: =IF($AC5>0,IF(ISNUMBER(INDEX(CASHBACK_RULES!$J$5:$J$304,$AC5)),INDEX(CASHBACK_RULES!$J$5:$J$304,$AC5),"∞"),"") -> 500000 | Q5: =IF(OR($B5="",$D5=""),"",IF($AC5=0,0,MAX(0,MIN($O5,IF(ISNUMBER($P5),$P5-$AF5,1E+15),IF(ISNUMBER($AA5),$AA5-$AG5,1E+15))))) -> 22500 | R5: =IF(OR($B5="",$D5=""),"",IF($AC5=0,"",IF(AND(NOT(ISNUMBER($P5)),NOT(ISNUMBER($AA5))),"∞",MAX(0,MIN(IF(ISNUMBER($P5),$P5-$AF5-$Q5,1E+15),IF(ISNUMBER($AA5),$AA5-$AG5-$Q5,1E+15)))))) -> 477500 | S5: =IF($AD5="","",YEAR($AD5)*100+MONTH($AD5)) -> 202609 | T5: =IF($AD5="","",IFERROR(IF(INDEX(CARDS!$I$5:$I$34,MATCH($D5,CARDS!$A$5:$A$34,0))="","",IF(INDEX(CARDS!$I$5:$I$34,MATCH($D5,CARDS!$A$5:$A$34,0))>INDEX(CARDS!$H$5:$H$34,MATCH($D5,CARDS!$A$5:$A$34,0)),DATE(YEAR($AD5),MONTH($AD5),MIN(INDEX(CARDS!$I$5:$I$34,MATCH($D5,CARDS!$A$5:$A$34,0)),DAY(EOMONTH($AD5,0)))),DATE(YEAR($AD5),MONTH($AD5)+1,MIN(INDEX(CARDS!$I$5:$I$34,MATCH($D5,CARDS!$A$5:$A$34,0)),DAY(EOMONTH($AD5,1)))))),"")) -> 46310 | U5: Posted | V5: SAMPLE DATA — có thể xóa | X5: Đã thanh toán | Y5: =IF($AC5>0,INDEX(CASHBACK_RULES!$A$5:$A$304,$AC5),"") -> R004 | Z5: =IF($AC5>0,INDEX(CASHBACK_RULES!$E$5:$E$304,$AC5)&"","") -> Group 1 | AA5: =IF($AC5>0,IF(ISNUMBER(INDEX(CASHBACK_RULES!$K$5:$K$304,$AC5)),INDEX(CASHBACK_RULES!$K$5:$K$304,$AC5),"∞"),"") -> 1000000 | AB5: =IF(OR($B5="",$D5=""),"",IF($U5="Cancelled","Đã hủy",IF($AC5=0,"Không được hoàn",IF($Q5=0,IF(OR($O5>0,$M5<$L5),"Đã đạt cap","Không được hoàn"),IF(OR($Q5<$O5,$M5<$L5),"Hoàn một phần","Được hoàn"))))) -> Được hoàn | AC5: =IF(OR($B5="",$D5="",$I5="",$L5=""),0,IF($U5="Cancelled",0,IF($W5<>"",IFERROR(IF(INDEX(CASHBACK_RULES!$B$5:$B$304,MATCH($W5,CASHBACK_RULES!$A$5:$A$304,0))=$D5,MATCH($W5,CASHBACK_RULES!$A$5:$A$304,0),0),0),IFERROR(MATCH(1,INDEX((CASHBACK_RULES!$B$5:$B$304=$D5)*(CASHBACK_RULES!$G$5:$G$304=$I5)*(((CASHBACK_RULES!$N$5:$N$304="")+(CASHBACK_RULES!$N$5:$N$304<=$B5))>0)*(((CASHBACK_RULES!$O$5:$O$304="")+(CASHBACK_RULES!$O$5:$O$304>=$B5))>0)*(((CASHBACK_RULES!$M$5:$M$304="")+(CASHBACK_RULES!$M$5:$M$304<=$L5))>0),0),0),0)))) -> 4 | AD5: =IF(OR($B5="",$D5=""),"",IFERROR(IF(INDEX(CARDS!$H$5:$H$34,MATCH($D5,CARDS!$A$5:$A$34,0))="","",IF(DAY($B5)<=INDEX(CARDS!$H$5:$H$34,MATCH($D5,CARDS!$A$5:$A$34,0)),DATE(YEAR($B5),MONTH($B5),MIN(INDEX(CARDS!$H$5:$H$34,MATCH($D5,CARDS!$A$5:$A$34,0)),DAY(EOMONTH($B5,0)))),DATE(YEAR($B5),MONTH($B5)+1,MIN(INDEX(CARDS!$H$5:$H$34,MATCH($D5,CARDS!$A$5:$A$34,0)),DAY(EOMONTH($B5,1)))))),"")) -> 46290 | AE5: =IF($C5="","",$C5&"|"&COUNTIF($C$5:$C5,$C5)) -> 202609|1 | AF5: =IF($AC5>0,SUMIFS(Q$4:Q4,$D$4:$D4,$D5,$Z$4:$Z4,$Z5,$C$4:$C4,$C5),0) -> 0 | AG5: =IF($AC5>0,SUMIFS(Q$4:Q4,$D$4:$D4,$D5,$C$4:$C4,$C5),0) -> 0 | AH5: =IF($AC5>0,SUMIFS(M$4:M4,$D$4:$D4,$D5,$Z$4:$Z4,$Z5,$C$4:$C4,$C5),0) -> 0 | AI5: =IF(OR($C5="",$I5=""),0,IF(COUNTIFS($C$5:$C5,$C5,$I$5:$I5,$I5)=1,1,0)) -> 1 | AJ5: =IF($AI5=1,SUMIFS($AI$4:$AI4,$C$4:$C4,$C5)+1,"") -> 1 | AK5: =IF(OR($C5="",$K5=""),0,IF(COUNTIFS($C$5:$C5,$C5,$K$5:$K5,$K5)=1,1,0)) -> 1 | AL5: =IF($AK5=1,SUMIFS($AK$4:$AK4,$C$4:$C4,$C5)+1,"") -> 1 | AM5: =IF(OR($C5="",$G5=""),0,IF(COUNTIFS($C$5:$C5,$C5,$G$5:$G5,$G5)=1,1,0)) -> 1 | AN5: =IF($AM5=1,SUMIFS($AM$4:$AM4,$C$4:$C4,$C5)+1,"") -> 1
A6: =IF(OR($B6="",$D6=""),"","TX"&TEXT(ROW()-4,"0000")) -> TX0002 | B6: 46270 | C6: =IF($B6="","",YEAR($B6)*100+MONTH($B6)) -> 202609 | D6: VPB-JCBZ | E6: =IF($D6="","",IFERROR(INDEX(CARDS!$B$5:$B$34,MATCH($D6,CARDS!$A$5:$A$34,0)),"⚠ Card ID?")) -> VPBank | F6: =IF($D6="","",IFERROR(INDEX(CARDS!$C$5:$C$34,MATCH($D6,CARDS!$A$5:$A$34,0)),"⚠ Card ID?")) -> JCB Z Card | G6: Nhà hàng Sen Tây Hồ | H6: Ăn tối | I6: 5812 | J6: =IF($I6="","",IFERROR(INDEX(MCC_MASTER!$B$5:$B$504,MATCH($I6,MCC_MASTER!$A$5:$A$504,0)),"⚠ MCC chưa có")) -> Eating Places / Restaurants | K6: =IF($I6="","",IFERROR(IF(INDEX(MCC_MASTER!$C$5:$C$504,MATCH($I6,MCC_MASTER!$A$5:$A$504,0))="","Chưa phân loại",INDEX(MCC_MASTER!$C$5:$C$504,MATCH($I6,MCC_MASTER!$A$5:$A$504,0))),"Chưa phân loại")) -> Dining | L6: 4000000 | M6: =IF(OR($B6="",$D6=""),"",IF($AC6=0,0,IF(ISNUMBER(INDEX(CASHBACK_RULES!$L$5:$L$304,$AC6)),MAX(0,MIN($L6,INDEX(CASHBACK_RULES!$L$5:$L$304,$AC6)-$AH6)),MAX(0,$L6)))) -> 4000000 | N6: =IF(OR($B6="",$D6=""),"",IF($AC6>0,INDEX(CASHBACK_RULES!$I$5:$I$304,$AC6),0)) -> 0.15 | O6: =IF(OR($B6="",$D6=""),"",ROUND($M6*$N6,0)) -> 600000 | P6: =IF($AC6>0,IF(ISNUMBER(INDEX(CASHBACK_RULES!$J$5:$J$304,$AC6)),INDEX(CASHBACK_RULES!$J$5:$J$304,$AC6),"∞"),"") -> 500000 | Q6: =IF(OR($B6="",$D6=""),"",IF($AC6=0,0,MAX(0,MIN($O6,IF(ISNUMBER($P6),$P6-$AF6,1E+15),IF(ISNUMBER($AA6),$AA6-$AG6,1E+15))))) -> 477500 | R6: =IF(OR($B6="",$D6=""),"",IF($AC6=0,"",IF(AND(NOT(ISNUMBER($P6)),NOT(ISNUMBER($AA6))),"∞",MAX(0,MIN(IF(ISNUMBER($P6),$P6-$AF6-$Q6,1E+15),IF(ISNUMBER($AA6),$AA6-$AG6-$Q6,1E+15)))))) -> 0 | S6: =IF($AD6="","",YEAR($AD6)*100+MONTH($AD6)) -> 202609 | T6: =IF($AD6="","",IFERROR(IF(INDEX(CARDS!$I$5:$I$34,MATCH($D6,CARDS!$A$5:$A$34,0))="","",IF(INDEX(CARDS!$I$5:$I$34,MATCH($D6,CARDS!$A$5:$A$34,0))>INDEX(CARDS!$H$5:$H$34,MATCH($D6,CARDS!$A$5:$A$34,0)),DATE(YEAR($AD6),MONTH($AD6),MIN(INDEX(CARDS!$I$5:$I$34,MATCH($D6,CARDS!$A$5:$A$34,0)),DAY(EOMONTH($AD6,0)))),DATE(YEAR($AD6),MONTH($AD6)+1,MIN(INDEX(CARDS!$I$5:$I$34,MATCH($D6,CARDS!$A$5:$A$34,0)),DAY(EOMONTH($AD6,1)))))),"")) -> 46310 | U6: Posted | V6: SAMPLE DATA — có thể xóa — vượt cap nhóm | X6: Đã thanh toán | Y6: =IF($AC6>0,INDEX(CASHBACK_RULES!$A$5:$A$304,$AC6),"") -> R002 | Z6: =IF($AC6>0,INDEX(CASHBACK_RULES!$E$5:$E$304,$AC6)&"","") -> Group 1 | AA6: =IF($AC6>0,IF(ISNUMBER(INDEX(CASHBACK_RULES!$K$5:$K$304,$AC6)),INDEX(CASHBACK_RULES!$K$5:$K$304,$AC6),"∞"),"") -> 1000000 | AB6: =IF(OR($B6="",$D6=""),"",IF($U6="Cancelled","Đã hủy",IF($AC6=0,"Không được hoàn",IF($Q6=0,IF(OR($O6>0,$M6<$L6),"Đã đạt cap","Không được hoàn"),IF(OR($Q6<$O6,$M6<$L6),"Hoàn một phần","Được hoàn"))))) -> Hoàn một phần | AC6: =IF(OR($B6="",$D6="",$I6="",$L6=""),0,IF($U6="Cancelled",0,IF($W6<>"",IFERROR(IF(INDEX(CASHBACK_RULES!$B$5:$B$304,MATCH($W6,CASHBACK_RULES!$A$5:$A$304,0))=$D6,MATCH($W6,CASHBACK_RULES!$A$5:$A$304,0),0),0),IFERROR(MATCH(1,INDEX((CASHBACK_RULES!$B$5:$B$304=$D6)*(CASHBACK_RULES!$G$5:$G$304=$I6)*(((CASHBACK_RULES!$N$5:$N$304="")+(CASHBACK_RULES!$N$5:$N$304<=$B6))>0)*(((CASHBACK_RULES!$O$5:$O$304="")+(CASHBACK_RULES!$O$5:$O$304>=$B6))>0)*(((CASHBACK_RULES!$M$5:$M$304="")+(CASHBACK_RULES!$M$5:$M$304<=$L6))>0),0),0),0)))) -> 2 | AD6: =IF(OR($B6="",$D6=""),"",IFERROR(IF(INDEX(CARDS!$H$5:$H$34,MATCH($D6,CARDS!$A$5:$A$34,0))="","",IF(DAY($B6)<=INDEX(CARDS!$H$5:$H$34,MATCH($D6,CARDS!$A$5:$A$34,0)),DATE(YEAR($B6),MONTH($B6),MIN(INDEX(CARDS!$H$5:$H$34,MATCH($D6,CARDS!$A$5:$A$34,0)),DAY(EOMONTH($B6,0)))),DATE(YEAR($B6),MONTH($B6)+1,MIN(INDEX(CARDS!$H$5:$H$34,MATCH($D6,CARDS!$A$5:$A$34,0)),DAY(EOMONTH($B6,1)))))),"")) -> 46290 | AE6: =IF($C6="","",$C6&"|"&COUNTIF($C$5:$C6,$C6)) -> 202609|2 | AF6: =IF($AC6>0,SUMIFS(Q$4:Q5,$D$4:$D5,$D6,$Z$4:$Z5,$Z6,$C$4:$C5,$C6),0) -> 22500 | AG6: =IF($AC6>0,SUMIFS(Q$4:Q5,$D$4:$D5,$D6,$C$4:$C5,$C6),0) -> 22500 | AH6: =IF($AC6>0,SUMIFS(M$4:M5,$D$4:$D5,$D6,$Z$4:$Z5,$Z6,$C$4:$C5,$C6),0) -> 150000 | AI6: =IF(OR($C6="",$I6=""),0,IF(COUNTIFS($C$5:$C6,$C6,$I$5:$I6,$I6)=1,1,0)) -> 1 | AJ6: =IF($AI6=1,SUMIFS($AI$4:$AI5,$C$4:$C5,$C6)+1,"") -> 2 | AK6: =IF(OR($C6="",$K6=""),0,IF(COUNTIFS($C$5:$C6,$C6,$K$5:$K6,$K6)=1,1,0)) -> 0 | AL6: =IF($AK6=1,SUMIFS($AK$4:$AK5,$C$4:$C5,$C6)+1,"") | AM6: =IF(OR($C6="",$G6=""),0,IF(COUNTIFS($C$5:$C6,$C6,$G$5:$G6,$G6)=1,1,0)) -> 1 | AN6: =IF($AM6=1,SUMIFS($AM$4:$AM5,$C$4:$C5,$C6)+1,"") -> 2
A7: =IF(OR($B7="",$D7=""),"","TX"&TEXT(ROW()-4,"0000")) -> TX0003 | B7: 46274 | C7: =IF($B7="","",YEAR($B7)*100+MONTH($B7)) -> 202609 | D7: VPB-JCBZ | E7: =IF($D7="","",IFERROR(INDEX(CARDS!$B$5:$B$34,MATCH($D7,CARDS!$A$5:$A$34,0)),"⚠ Card ID?")) -> VPBank | F7: =IF($D7="","",IFERROR(INDEX(CARDS!$C$5:$C$34,MATCH($D7,CARDS!$A$5:$A$34,0)),"⚠ Card ID?")) -> JCB Z Card | G7: Pub Beer Corner | H7: Bar | I7: 5813 | J7: =IF($I7="","",IFERROR(INDEX(MCC_MASTER!$B$5:$B$504,MATCH($I7,MCC_MASTER!$A$5:$A$504,0)),"⚠ MCC chưa có")) -> Drinking Places (Bars, Taverns) | K7: =IF($I7="","",IFERROR(IF(INDEX(MCC_MASTER!$C$5:$C$504,MATCH($I7,MCC_MASTER!$A$5:$A$504,0))="","Chưa phân loại",INDEX(MCC_MASTER!$C$5:$C$504,MATCH($I7,MCC_MASTER!$A$5:$A$504,0))),"Chưa phân loại")) -> Dining | L7: 1000000 | M7: =IF(OR($B7="",$D7=""),"",IF($AC7=0,0,IF(ISNUMBER(INDEX(CASHBACK_RULES!$L$5:$L$304,$AC7)),MAX(0,MIN($L7,INDEX(CASHBACK_RULES!$L$5:$L$304,$AC7)-$AH7)),MAX(0,$L7)))) -> 1000000 | N7: =IF(OR($B7="",$D7=""),"",IF($AC7>0,INDEX(CASHBACK_RULES!$I$5:$I$304,$AC7),0)) -> 0.15 | O7: =IF(OR($B7="",$D7=""),"",ROUND($M7*$N7,0)) -> 150000 | P7: =IF($AC7>0,IF(ISNUMBER(INDEX(CASHBACK_RULES!$J$5:$J$304,$AC7)),INDEX(CASHBACK_RULES!$J$5:$J$304,$AC7),"∞"),"") -> 500000 | Q7: =IF(OR($B7="",$D7=""),"",IF($AC7=0,0,MAX(0,MIN($O7,IF(ISNUMBER($P7),$P7-$AF7,1E+15),IF(ISNUMBER($AA7),$AA7-$AG7,1E+15))))) -> 0 | R7: =IF(OR($B7="",$D7=""),"",IF($AC7=0,"",IF(AND(NOT(ISNUMBER($P7)),NOT(ISNUMBER($AA7))),"∞",MAX(0,MIN(IF(ISNUMBER($P7),$P7-$AF7-$Q7,1E+15),IF(ISNUMBER($AA7),$AA7-$AG7-$Q7,1E+15)))))) -> 0 | S7: =IF($AD7="","",YEAR($AD7)*100+MONTH($AD7)) -> 202609 | T7: =IF($AD7="","",IFERROR(IF(INDEX(CARDS!$I$5:$I$34,MATCH($D7,CARDS!$A$5:$A$34,0))="","",IF(INDEX(CARDS!$I$5:$I$34,MATCH($D7,CARDS!$A$5:$A$34,0))>INDEX(CARDS!$H$5:$H$34,MATCH($D7,CARDS!$A$5:$A$34,0)),DATE(YEAR($AD7),MONTH($AD7),MIN(INDEX(CARDS!$I$5:$I$34,MATCH($D7,CARDS!$A$5:$A$34,0)),DAY(EOMONTH($AD7,0)))),DATE(YEAR($AD7),MONTH($AD7)+1,MIN(INDEX(CARDS!$I$5:$I$34,MATCH($D7,CARDS!$A$5:$A$34,0)),DAY(EOMONTH($AD7,1)))))),"")) -> 46310 | U7: Posted | V7: SAMPLE DATA — có thể xóa — nhóm đã đạt cap tháng 9 | X7: Đã thanh toán | Y7: =IF($AC7>0,INDEX(CASHBACK_RULES!$A$5:$A$304,$AC7),"") -> R003 | Z7: =IF($AC7>0,INDEX(CASHBACK_RULES!$E$5:$E$304,$AC7)&"","") -> Group 1 | AA7: =IF($AC7>0,IF(ISNUMBER(INDEX(CASHBACK_RULES!$K$5:$K$304,$AC7)),INDEX(CASHBACK_RULES!$K$5:$K$304,$AC7),"∞"),"") -> 1000000 | AB7: =IF(OR($B7="",$D7=""),"",IF($U7="Cancelled","Đã hủy",IF($AC7=0,"Không được hoàn",IF($Q7=0,IF(OR($O7>0,$M7<$L7),"Đã đạt cap","Không được hoàn"),IF(OR($Q7<$O7,$M7<$L7),"Hoàn một phần","Được hoàn"))))) -> Đã đạt cap | AC7: =IF(OR($B7="",$D7="",$I7="",$L7=""),0,IF($U7="Cancelled",0,IF($W7<>"",IFERROR(IF(INDEX(CASHBACK_RULES!$B$5:$B$304,MATCH($W7,CASHBACK_RULES!$A$5:$A$304,0))=$D7,MATCH($W7,CASHBACK_RULES!$A$5:$A$304,0),0),0),IFERROR(MATCH(1,INDEX((CASHBACK_RULES!$B$5:$B$304=$D7)*(CASHBACK_RULES!$G$5:$G$304=$I7)*(((CASHBACK_RULES!$N$5:$N$304="")+(CASHBACK_RULES!$N$5:$N$304<=$B7))>0)*(((CASHBACK_RULES!$O$5:$O$304="")+(CASHBACK_RULES!$O$5:$O$304>=$B7))>0)*(((CASHBACK_RULES!$M$5:$M$304="")+(CASHBACK_RULES!$M$5:$M$304<=$L7))>0),0),0),0)))) -> 3 | AD7: =IF(OR($B7="",$D7=""),"",IFERROR(IF(INDEX(CARDS!$H$5:$H$34,MATCH($D7,CARDS!$A$5:$A$34,0))="","",IF(DAY($B7)<=INDEX(CARDS!$H$5:$H$34,MATCH($D7,CARDS!$A$5:$A$34,0)),DATE(YEAR($B7),MONTH($B7),MIN(INDEX(CARDS!$H$5:$H$34,MATCH($D7,CARDS!$A$5:$A$34,0)),DAY(EOMONTH($B7,0)))),DATE(YEAR($B7),MONTH($B7)+1,MIN(INDEX(CARDS!$H$5:$H$34,MATCH($D7,CARDS!$A$5:$A$34,0)),DAY(EOMONTH($B7,1)))))),"")) -> 46290 | AE7: =IF($C7="","",$C7&"|"&COUNTIF($C$5:$C7,$C7)) -> 202609|3 | AF7: =IF($AC7>0,SUMIFS(Q$4:Q6,$D$4:$D6,$D7,$Z$4:$Z6,$Z7,$C$4:$C6,$C7),0) -> 500000 | AG7: =IF($AC7>0,SUMIFS(Q$4:Q6,$D$4:$D6,$D7,$C$4:$C6,$C7),0) -> 500000 | AH7: =IF($AC7>0,SUMIFS(M$4:M6,$D$4:$D6,$D7,$Z$4:$Z6,$Z7,$C$4:$C6,$C7),0) -> 4150000 | AI7: =IF(OR($C7="",$I7=""),0,IF(COUNTIFS($C$5:$C7,$C7,$I$5:$I7,$I7)=1,1,0)) -> 1 | AJ7: =IF($AI7=1,SUMIFS($AI$4:$AI6,$C$4:$C6,$C7)+1,"") -> 3 | AK7: =IF(OR($C7="",$K7=""),0,IF(COUNTIFS($C$5:$C7,$C7,$K$5:$K7,$K7)=1,1,0)) -> 0 | AL7: =IF($AK7=1,SUMIFS($AK$4:$AK6,$C$4:$C6,$C7)+1,"") | AM7: =IF(OR($C7="",$G7=""),0,IF(COUNTIFS($C$5:$C7,$C7,$G$5:$G7,$G7)=1,1,0)) -> 1 | AN7: =IF($AM7=1,SUMIFS($AM$4:$AM6,$C$4:$C6,$C7)+1,"") -> 3
A8: =IF(OR($B8="",$D8=""),"","TX"&TEXT(ROW()-4,"0000")) -> TX0004 | B8: 46277 | C8: =IF($B8="","",YEAR($B8)*100+MONTH($B8)) -> 202609 | D8: VIB-A | E8: =IF($D8="","",IFERROR(INDEX(CARDS!$B$5:$B$34,MATCH($D8,CARDS!$A$5:$A$34,0)),"⚠ Card ID?")) -> VIB | F8: =IF($D8="","",IFERROR(INDEX(CARDS!$C$5:$C$34,MATCH($D8,CARDS!$A$5:$A$34,0)),"⚠ Card ID?")) -> Cashback Demo A | G8: WinMart | H8: Siêu thị | I8: 5411 | J8: =IF($I8="","",IFERROR(INDEX(MCC_MASTER!$B$5:$B$504,MATCH($I8,MCC_MASTER!$A$5:$A$504,0)),"⚠ MCC chưa có")) -> Grocery Stores / Supermarkets | K8: =IF($I8="","",IFERROR(IF(INDEX(MCC_MASTER!$C$5:$C$504,MATCH($I8,MCC_MASTER!$A$5:$A$504,0))="","Chưa phân loại",INDEX(MCC_MASTER!$C$5:$C$504,MATCH($I8,MCC_MASTER!$A$5:$A$504,0))),"Chưa phân loại")) -> Groceries | L8: 2500000 | M8: =IF(OR($B8="",$D8=""),"",IF($AC8=0,0,IF(ISNUMBER(INDEX(CASHBACK_RULES!$L$5:$L$304,$AC8)),MAX(0,MIN($L8,INDEX(CASHBACK_RULES!$L$5:$L$304,$AC8)-$AH8)),MAX(0,$L8)))) -> 2500000 | N8: =IF(OR($B8="",$D8=""),"",IF($AC8>0,INDEX(CASHBACK_RULES!$I$5:$I$304,$AC8),0)) -> 0.1 | O8: =IF(OR($B8="",$D8=""),"",ROUND($M8*$N8,0)) -> 250000 | P8: =IF($AC8>0,IF(ISNUMBER(INDEX(CASHBACK_RULES!$J$5:$J$304,$AC8)),INDEX(CASHBACK_RULES!$J$5:$J$304,$AC8),"∞"),"") -> 500000 | Q8: =IF(OR($B8="",$D8=""),"",IF($AC8=0,0,MAX(0,MIN($O8,IF(ISNUMBER($P8),$P8-$AF8,1E+15),IF(ISNUMBER($AA8),$AA8-$AG8,1E+15))))) -> 250000 | R8: =IF(OR($B8="",$D8=""),"",IF($AC8=0,"",IF(AND(NOT(ISNUMBER($P8)),NOT(ISNUMBER($AA8))),"∞",MAX(0,MIN(IF(ISNUMBER($P8),$P8-$AF8-$Q8,1E+15),IF(ISNUMBER($AA8),$AA8-$AG8-$Q8,1E+15)))))) -> 250000 | S8: =IF($AD8="","",YEAR($AD8)*100+MONTH($AD8)) -> 202610 | T8: =IF($AD8="","",IFERROR(IF(INDEX(CARDS!$I$5:$I$34,MATCH($D8,CARDS!$A$5:$A$34,0))="","",IF(INDEX(CARDS!$I$5:$I$34,MATCH($D8,CARDS!$A$5:$A$34,0))>INDEX(CARDS!$H$5:$H$34,MATCH($D8,CARDS!$A$5:$A$34,0)),DATE(YEAR($AD8),MONTH($AD8),MIN(INDEX(CARDS!$I$5:$I$34,MATCH($D8,CARDS!$A$5:$A$34,0)),DAY(EOMONTH($AD8,0)))),DATE(YEAR($AD8),MONTH($AD8)+1,MIN(INDEX(CARDS!$I$5:$I$34,MATCH($D8,CARDS!$A$5:$A$34,0)),DAY(EOMONTH($AD8,1)))))),"")) -> 46320 | U8: Posted | V8: SAMPLE DATA — có thể xóa | X8: Đã thanh toán | Y8: =IF($AC8>0,INDEX(CASHBACK_RULES!$A$5:$A$304,$AC8),"") -> R011 | Z8: =IF($AC8>0,INDEX(CASHBACK_RULES!$E$5:$E$304,$AC8)&"","") -> Group 1 | AA8: =IF($AC8>0,IF(ISNUMBER(INDEX(CASHBACK_RULES!$K$5:$K$304,$AC8)),INDEX(CASHBACK_RULES!$K$5:$K$304,$AC8),"∞"),"") -> 1000000 | AB8: =IF(OR($B8="",$D8=""),"",IF($U8="Cancelled","Đã hủy",IF($AC8=0,"Không được hoàn",IF($Q8=0,IF(OR($O8>0,$M8<$L8),"Đã đạt cap","Không được hoàn"),IF(OR($Q8<$O8,$M8<$L8),"Hoàn một phần","Được hoàn"))))) -> Được hoàn | AC8: =IF(OR($B8="",$D8="",$I8="",$L8=""),0,IF($U8="Cancelled",0,IF($W8<>"",IFERROR(IF(INDEX(CASHBACK_RULES!$B$5:$B$304,MATCH($W8,CASHBACK_RULES!$A$5:$A$304,0))=$D8,MATCH($W8,CASHBACK_RULES!$A$5:$A$304,0),0),0),IFERROR(MATCH(1,INDEX((CASHBACK_RULES!$B$5:$B$304=$D8)*(CASHBACK_RULES!$G$5:$G$304=$I8)*(((CASHBACK_RULES!$N$5:$N$304="")+(CASHBACK_RULES!$N$5:$N$304<=$B8))>0)*(((CASHBACK_RULES!$O$5:$O$304="")+(CASHBACK_RULES!$O$5:$O$304>=$B8))>0)*(((CASHBACK_RULES!$M$5:$M$304="")+(CASHBACK_RULES!$M$5:$M$304<=$L8))>0),0),0),0)))) -> 11 | AD8: =IF(OR($B8="",$D8=""),"",IFERROR(IF(INDEX(CARDS!$H$5:$H$34,MATCH($D8,CARDS!$A$5:$A$34,0))="","",IF(DAY($B8)<=INDEX(CARDS!$H$5:$H$34,MATCH($D8,CARDS!$A$5:$A$34,0)),DATE(YEAR($B8),MONTH($B8),MIN(INDEX(CARDS!$H$5:$H$34,MATCH($D8,CARDS!$A$5:$A$34,0)),DAY(EOMONTH($B8,0)))),DATE(YEAR($B8),MONTH($B8)+1,MIN(INDEX(CARDS!$H$5:$H$34,MATCH($D8,CARDS!$A$5:$A$34,0)),DAY(EOMONTH($B8,1)))))),"")) -> 46300 | AE8: =IF($C8="","",$C8&"|"&COUNTIF($C$5:$C8,$C8)) -> 202609|4 | AF8: =IF($AC8>0,SUMIFS(Q$4:Q7,$D$4:$D7,$D8,$Z$4:$Z7,$Z8,$C$4:$C7,$C8),0) -> 0 | AG8: =IF($AC8>0,SUMIFS(Q$4:Q7,$D$4:$D7,$D8,$C$4:$C7,$C8),0) -> 0 | AH8: =IF($AC8>0,SUMIFS(M$4:M7,$D$4:$D7,$D8,$Z$4:$Z7,$Z8,$C$4:$C7,$C8),0) -> 0 | AI8: =IF(OR($C8="",$I8=""),0,IF(COUNTIFS($C$5:$C8,$C8,$I$5:$I8,$I8)=1,1,0)) -> 1 | AJ8: =IF($AI8=1,SUMIFS($AI$4:$AI7,$C$4:$C7,$C8)+1,"") -> 4 | AK8: =IF(OR($C8="",$K8=""),0,IF(COUNTIFS($C$5:$C8,$C8,$K$5:$K8,$K8)=1,1,0)) -> 1 | AL8: =IF($AK8=1,SUMIFS($AK$4:$AK7,$C$4:$C7,$C8)+1,"") -> 2 | AM8: =IF(OR($C8="",$G8=""),0,IF(COUNTIFS($C$5:$C8,$C8,$G$5:$G8,$G8)=1,1,0)) -> 1 | AN8: =IF($AM8=1,SUMIFS($AM$4:$AM7,$C$4:$C7,$C8)+1,"") -> 4
A9: =IF(OR($B9="",$D9=""),"","TX"&TEXT(ROW()-4,"0000")) -> TX0005 | B9: 46280 | C9: =IF($B9="","",YEAR($B9)*100+MONTH($B9)) -> 202609 | D9: TCB-B | E9: =IF($D9="","",IFERROR(INDEX(CARDS!$B$5:$B$34,MATCH($D9,CARDS!$A$5:$A$34,0)),"⚠ Card ID?")) -> Techcombank | F9: =IF($D9="","",IFERROR(INDEX(CARDS!$C$5:$C$34,MATCH($D9,CARDS!$A$5:$A$34,0)),"⚠ Card ID?")) -> Cashback Demo B | G9: Petrolimex | H9: Xăng | I9: 5541 | J9: =IF($I9="","",IFERROR(INDEX(MCC_MASTER!$B$5:$B$504,MATCH($I9,MCC_MASTER!$A$5:$A$504,0)),"⚠ MCC chưa có")) -> Service Stations | K9: =IF($I9="","",IFERROR(IF(INDEX(MCC_MASTER!$C$5:$C$504,MATCH($I9,MCC_MASTER!$A$5:$A$504,0))="","Chưa phân loại",INDEX(MCC_MASTER!$C$5:$C$504,MATCH($I9,MCC_MASTER!$A$5:$A$504,0))),"Chưa phân loại")) -> Fuel | L9: 1200000 | M9: =IF(OR($B9="",$D9=""),"",IF($AC9=0,0,IF(ISNUMBER(INDEX(CASHBACK_RULES!$L$5:$L$304,$AC9)),MAX(0,MIN($L9,INDEX(CASHBACK_RULES!$L$5:$L$304,$AC9)-$AH9)),MAX(0,$L9)))) -> 1200000 | N9: =IF(OR($B9="",$D9=""),"",IF($AC9>0,INDEX(CASHBACK_RULES!$I$5:$I$304,$AC9),0)) -> 0.05 | O9: =IF(OR($B9="",$D9=""),"",ROUND($M9*$N9,0)) -> 60000 | P9: =IF($AC9>0,IF(ISNUMBER(INDEX(CASHBACK_RULES!$J$5:$J$304,$AC9)),INDEX(CASHBACK_RULES!$J$5:$J$304,$AC9),"∞"),"") -> 300000 | Q9: =IF(OR($B9="",$D9=""),"",IF($AC9=0,0,MAX(0,MIN($O9,IF(ISNUMBER($P9),$P9-$AF9,1E+15),IF(ISNUMBER($AA9),$AA9-$AG9,1E+15))))) -> 60000 | R9: =IF(OR($B9="",$D9=""),"",IF($AC9=0,"",IF(AND(NOT(ISNUMBER($P9)),NOT(ISNUMBER($AA9))),"∞",MAX(0,MIN(IF(ISNUMBER($P9),$P9-$AF9-$Q9,1E+15),IF(ISNUMBER($AA9),$AA9-$AG9-$Q9,1E+15)))))) -> 240000 | S9: =IF($AD9="","",YEAR($AD9)*100+MONTH($AD9)) -> 202609 | T9: =IF($AD9="","",IFERROR(IF(INDEX(CARDS!$I$5:$I$34,MATCH($D9,CARDS!$A$5:$A$34,0))="","",IF(INDEX(CARDS!$I$5:$I$34,MATCH($D9,CARDS!$A$5:$A$34,0))>INDEX(CARDS!$H$5:$H$34,MATCH($D9,CARDS!$A$5:$A$34,0)),DATE(YEAR($AD9),MONTH($AD9),MIN(INDEX(CARDS!$I$5:$I$34,MATCH($D9,CARDS!$A$5:$A$34,0)),DAY(EOMONTH($AD9,0)))),DATE(YEAR($AD9),MONTH($AD9)+1,MIN(INDEX(CARDS!$I$5:$I$34,MATCH($D9,CARDS!$A$5:$A$34,0)),DAY(EOMONTH($AD9,1)))))),"")) -> 46305 | U9: Posted | V9: SAMPLE DATA — có thể xóa | X9: Đã thanh toán | Y9: =IF($AC9>0,INDEX(CASHBACK_RULES!$A$5:$A$304,$AC9),"") -> R015 | Z9: =IF($AC9>0,INDEX(CASHBACK_RULES!$E$5:$E$304,$AC9)&"","") -> Group 1 | AA9: =IF($AC9>0,IF(ISNUMBER(INDEX(CASHBACK_RULES!$K$5:$K$304,$AC9)),INDEX(CASHBACK_RULES!$K$5:$K$304,$AC9),"∞"),"") -> 2000000 | AB9: =IF(OR($B9="",$D9=""),"",IF($U9="Cancelled","Đã hủy",IF($AC9=0,"Không được hoàn",IF($Q9=0,IF(OR($O9>0,$M9<$L9),"Đã đạt cap","Không được hoàn"),IF(OR($Q9<$O9,$M9<$L9),"Hoàn một phần","Được hoàn"))))) -> Được hoàn | AC9: =IF(OR($B9="",$D9="",$I9="",$L9=""),0,IF($U9="Cancelled",0,IF($W9<>"",IFERROR(IF(INDEX(CASHBACK_RULES!$B$5:$B$304,MATCH($W9,CASHBACK_RULES!$A$5:$A$304,0))=$D9,MATCH($W9,CASHBACK_RULES!$A$5:$A$304,0),0),0),IFERROR(MATCH(1,INDEX((CASHBACK_RULES!$B$5:$B$304=$D9)*(CASHBACK_RULES!$G$5:$G$304=$I9)*(((CASHBACK_RULES!$N$5:$N$304="")+(CASHBACK_RULES!$N$5:$N$304<=$B9))>0)*(((CASHBACK_RULES!$O$5:$O$304="")+(CASHBACK_RULES!$O$5:$O$304>=$B9))>0)*(((CASHBACK_RULES!$M$5:$M$304="")+(CASHBACK_RULES!$M$5:$M$304<=$L9))>0),0),0),0)))) -> 15 | AD9: =IF(OR($B9="",$D9=""),"",IFERROR(IF(INDEX(CARDS!$H$5:$H$34,MATCH($D9,CARDS!$A$5:$A$34,0))="","",IF(DAY($B9)<=INDEX(CARDS!$H$5:$H$34,MATCH($D9,CARDS!$A$5:$A$34,0)),DATE(YEAR($B9),MONTH($B9),MIN(INDEX(CARDS!$H$5:$H$34,MATCH($D9,CARDS!$A$5:$A$34,0)),DAY(EOMONTH($B9,0)))),DATE(YEAR($B9),MONTH($B9)+1,MIN(INDEX(CARDS!$H$5:$H$34,MATCH($D9,CARDS!$A$5:$A$34,0)),DAY(EOMONTH($B9,1)))))),"")) -> 46285 | AE9: =IF($C9="","",$C9&"|"&COUNTIF($C$5:$C9,$C9)) -> 202609|5 | AF9: =IF($AC9>0,SUMIFS(Q$4:Q8,$D$4:$D8,$D9,$Z$4:$Z8,$Z9,$C$4:$C8,$C9),0) -> 0 | AG9: =IF($AC9>0,SUMIFS(Q$4:Q8,$D$4:$D8,$D9,$C$4:$C8,$C9),0) -> 0 | AH9: =IF($AC9>0,SUMIFS(M$4:M8,$D$4:$D8,$D9,$Z$4:$Z8,$Z9,$C$4:$C8,$C9),0) -> 0 | AI9: =IF(OR($C9="",$I9=""),0,IF(COUNTIFS($C$5:$C9,$C9,$I$5:$I9,$I9)=1,1,0)) -> 1 | AJ9: =IF($AI9=1,SUMIFS($AI$4:$AI8,$C$4:$C8,$C9)+1,"") -> 5 | AK9: =IF(OR($C9="",$K9=""),0,IF(COUNTIFS($C$5:$C9,$C9,$K$5:$K9,$K9)=1,1,0)) -> 1 | AL9: =IF($AK9=1,SUMIFS($AK$4:$AK8,$C$4:$C8,$C9)+1,"") -> 3 | AM9: =IF(OR($C9="",$G9=""),0,IF(COUNTIFS($C$5:$C9,$C9,$G$5:$G9,$G9)=1,1,0)) -> 1 | AN9: =IF($AM9=1,SUMIFS($AM$4:$AM8,$C$4:$C8,$C9)+1,"") -> 5
A10: =IF(OR($B10="",$D10=""),"","TX"&TEXT(ROW()-4,"0000")) -> TX0006 | B10: 46287 | C10: =IF($B10="","",YEAR($B10)*100+MONTH($B10)) -> 202609 | D10: MB-D | E10: =IF($D10="","",IFERROR(INDEX(CARDS!$B$5:$B$34,MATCH($D10,CARDS!$A$5:$A$34,0)),"⚠ Card ID?")) -> MB | F10: =IF($D10="","",IFERROR(INDEX(CARDS!$C$5:$C$34,MATCH($D10,CARDS!$A$5:$A$34,0)),"⚠ Card ID?")) -> Cashback Demo D | G10: Co.opmart | H10: Siêu thị | I10: 5411 | J10: =IF($I10="","",IFERROR(INDEX(MCC_MASTER!$B$5:$B$504,MATCH($I10,MCC_MASTER!$A$5:$A$504,0)),"⚠ MCC chưa có")) -> Grocery Stores / Supermarkets | K10: =IF($I10="","",IFERROR(IF(INDEX(MCC_MASTER!$C$5:$C$504,MATCH($I10,MCC_MASTER!$A$5:$A$504,0))="","Chưa phân loại",INDEX(MCC_MASTER!$C$5:$C$504,MATCH($I10,MCC_MASTER!$A$5:$A$504,0))),"Chưa phân loại")) -> Groceries | L10: 800000 | M10: =IF(OR($B10="",$D10=""),"",IF($AC10=0,0,IF(ISNUMBER(INDEX(CASHBACK_RULES!$L$5:$L$304,$AC10)),MAX(0,MIN($L10,INDEX(CASHBACK_RULES!$L$5:$L$304,$AC10)-$AH10)),MAX(0,$L10)))) -> 800000 | N10: =IF(OR($B10="",$D10=""),"",IF($AC10>0,INDEX(CASHBACK_RULES!$I$5:$I$304,$AC10),0)) -> 0.02 | O10: =IF(OR($B10="",$D10=""),"",ROUND($M10*$N10,0)) -> 16000 | P10: =IF($AC10>0,IF(ISNUMBER(INDEX(CASHBACK_RULES!$J$5:$J$304,$AC10)),INDEX(CASHBACK_RULES!$J$5:$J$304,$AC10),"∞"),"") -> 100000 | Q10: =IF(OR($B10="",$D10=""),"",IF($AC10=0,0,MAX(0,MIN($O10,IF(ISNUMBER($P10),$P10-$AF10,1E+15),IF(ISNUMBER($AA10),$AA10-$AG10,1E+15))))) -> 16000 | R10: =IF(OR($B10="",$D10=""),"",IF($AC10=0,"",IF(AND(NOT(ISNUMBER($P10)),NOT(ISNUMBER($AA10))),"∞",MAX(0,MIN(IF(ISNUMBER($P10),$P10-$AF10-$Q10,1E+15),IF(ISNUMBER($AA10),$AA10-$AG10-$Q10,1E+15)))))) -> 84000 | S10: =IF($AD10="","",YEAR($AD10)*100+MONTH($AD10)) -> 202610 | T10: =IF($AD10="","",IFERROR(IF(INDEX(CARDS!$I$5:$I$34,MATCH($D10,CARDS!$A$5:$A$34,0))="","",IF(INDEX(CARDS!$I$5:$I$34,MATCH($D10,CARDS!$A$5:$A$34,0))>INDEX(CARDS!$H$5:$H$34,MATCH($D10,CARDS!$A$5:$A$34,0)),DATE(YEAR($AD10),MONTH($AD10),MIN(INDEX(CARDS!$I$5:$I$34,MATCH($D10,CARDS!$A$5:$A$34,0)),DAY(EOMONTH($AD10,0)))),DATE(YEAR($AD10),MONTH($AD10)+1,MIN(INDEX(CARDS!$I$5:$I$34,MATCH($D10,CARDS!$A$5:$A$34,0)),DAY(EOMONTH($AD10,1)))))),"")) -> 46303 | U10: Posted | V10: SAMPLE DATA — có thể xóa | X10: Chưa thanh toán | Y10: =IF($AC10>0,INDEX(CASHBACK_RULES!$A$5:$A$304,$AC10),"") -> R026 | Z10: =IF($AC10>0,INDEX(CASHBACK_RULES!$E$5:$E$304,$AC10)&"","") -> Groceries | AA10: =IF($AC10>0,IF(ISNUMBER(INDEX(CASHBACK_RULES!$K$5:$K$304,$AC10)),INDEX(CASHBACK_RULES!$K$5:$K$304,$AC10),"∞"),"") -> 600000 | AB10: =IF(OR($B10="",$D10=""),"",IF($U10="Cancelled","Đã hủy",IF($AC10=0,"Không được hoàn",IF($Q10=0,IF(OR($O10>0,$M10<$L10),"Đã đạt cap","Không được hoàn"),IF(OR($Q10<$O10,$M10<$L10),"Hoàn một phần","Được hoàn"))))) -> Được hoàn | AC10: =IF(OR($B10="",$D10="",$I10="",$L10=""),0,IF($U10="Cancelled",0,IF($W10<>"",IFERROR(IF(INDEX(CASHBACK_RULES!$B$5:$B$304,MATCH($W10,CASHBACK_RULES!$A$5:$A$304,0))=$D10,MATCH($W10,CASHBACK_RULES!$A$5:$A$304,0),0),0),IFERROR(MATCH(1,INDEX((CASHBACK_RULES!$B$5:$B$304=$D10)*(CASHBACK_RULES!$G$5:$G$304=$I10)*(((CASHBACK_RULES!$N$5:$N$304="")+(CASHBACK_RULES!$N$5:$N$304<=$B10))>0)*(((CASHBACK_RULES!$O$5:$O$304="")+(CASHBACK_RULES!$O$5:$O$304>=$B10))>0)*(((CASHBACK_RULES!$M$5:$M$304="")+(CASHBACK_RULES!$M$5:$M$304<=$L10))>0),0),0),0)))) -> 26 | AD10: =IF(OR($B10="",$D10=""),"",IFERROR(IF(INDEX(CARDS!$H$5:$H$34,MATCH($D10,CARDS!$A$5:$A$34,0))="","",IF(DAY($B10)<=INDEX(CARDS!$H$5:$H$34,MATCH($D10,CARDS!$A$5:$A$34,0)),DATE(YEAR($B10),MONTH($B10),MIN(INDEX(CARDS!$H$5:$H$34,MATCH($D10,CARDS!$A$5:$A$34,0)),DAY(EOMONTH($B10,0)))),DATE(YEAR($B10),MONTH($B10)+1,MIN(INDEX(CARDS!$H$5:$H$34,MATCH($D10,CARDS!$A$5:$A$34,0)),DAY(EOMONTH($B10,1)))))),"")) -> 46296 | AE10: =IF($C10="","",$C10&"|"&COUNTIF($C$5:$C10,$C10)) -> 202609|6 | AF10: =IF($AC10>0,SUMIFS(Q$4:Q9,$D$4:$D9,$D10,$Z$4:$Z9,$Z10,$C$4:$C9,$C10),0) -> 0 | AG10: =IF($AC10>0,SUMIFS(Q$4:Q9,$D$4:$D9,$D10,$C$4:$C9,$C10),0) -> 0 | AH10: =IF($AC10>0,SUMIFS(M$4:M9,$D$4:$D9,$D10,$Z$4:$Z9,$Z10,$C$4:$C9,$C10),0) -> 0 | AI10: =IF(OR($C10="",$I10=""),0,IF(COUNTIFS($C$5:$C10,$C10,$I$5:$I10,$I10)=1,1,0)) -> 0 | AJ10: =IF($AI10=1,SUMIFS($AI$4:$AI9,$C$4:$C9,$C10)+1,"") | AK10: =IF(OR($C10="",$K10=""),0,IF(COUNTIFS($C$5:$C10,$C10,$K$5:$K10,$K10)=1,1,0)) -> 0 | AL10: =IF($AK10=1,SUMIFS($AK$4:$AK9,$C$4:$C9,$C10)+1,"") | AM10: =IF(OR($C10="",$G10=""),0,IF(COUNTIFS($C$5:$C10,$C10,$G$5:$G10,$G10)=1,1,0)) -> 1 | AN10: =IF($AM10=1,SUMIFS($AM$4:$AM9,$C$4:$C9,$C10)+1,"") -> 6
A11: =IF(OR($B11="",$D11=""),"","TX"&TEXT(ROW()-4,"0000")) -> TX0007 | B11: 46296 | C11: =IF($B11="","",YEAR($B11)*100+MONTH($B11)) -> 202610 | D11: VPB-JCBZ | E11: =IF($D11="","",IFERROR(INDEX(CARDS!$B$5:$B$34,MATCH($D11,CARDS!$A$5:$A$34,0)),"⚠ Card ID?")) -> VPBank | F11: =IF($D11="","",IFERROR(INDEX(CARDS!$C$5:$C$34,MATCH($D11,CARDS!$A$5:$A$34,0)),"⚠ Card ID?")) -> JCB Z Card | G11: California Fitness | H11: Gói tập | I11: 7997 | J11: =IF($I11="","",IFERROR(INDEX(MCC_MASTER!$B$5:$B$504,MATCH($I11,MCC_MASTER!$A$5:$A$504,0)),"⚠ MCC chưa có")) -> Membership Clubs (Sports / Recreation) | K11: =IF($I11="","",IFERROR(IF(INDEX(MCC_MASTER!$C$5:$C$504,MATCH($I11,MCC_MASTER!$A$5:$A$504,0))="","Chưa phân loại",INDEX(MCC_MASTER!$C$5:$C$504,MATCH($I11,MCC_MASTER!$A$5:$A$504,0))),"Chưa phân loại")) -> Fitness & Wellness | L11: 10000000 | M11: =IF(OR($B11="",$D11=""),"",IF($AC11=0,0,IF(ISNUMBER(INDEX(CASHBACK_RULES!$L$5:$L$304,$AC11)),MAX(0,MIN($L11,INDEX(CASHBACK_RULES!$L$5:$L$304,$AC11)-$AH11)),MAX(0,$L11)))) -> 10000000 | N11: =IF(OR($B11="",$D11=""),"",IF($AC11>0,INDEX(CASHBACK_RULES!$I$5:$I$304,$AC11),0)) -> 0.15 | O11: =IF(OR($B11="",$D11=""),"",ROUND($M11*$N11,0)) -> 1500000 | P11: =IF($AC11>0,IF(ISNUMBER(INDEX(CASHBACK_RULES!$J$5:$J$304,$AC11)),INDEX(CASHBACK_RULES!$J$5:$J$304,$AC11),"∞"),"") -> 500000 | Q11: =IF(OR($B11="",$D11=""),"",IF($AC11=0,0,MAX(0,MIN($O11,IF(ISNUMBER($P11),$P11-$AF11,1E+15),IF(ISNUMBER($AA11),$AA11-$AG11,1E+15))))) -> 500000 | R11: =IF(OR($B11="",$D11=""),"",IF($AC11=0,"",IF(AND(NOT(ISNUMBER($P11)),NOT(ISNUMBER($AA11))),"∞",MAX(0,MIN(IF(ISNUMBER($P11),$P11-$AF11-$Q11,1E+15),IF(ISNUMBER($AA11),$AA11-$AG11-$Q11,1E+15)))))) -> 0 | S11: =IF($AD11="","",YEAR($AD11)*100+MONTH($AD11)) -> 202610 | T11: =IF($AD11="","",IFERROR(IF(INDEX(CARDS!$I$5:$I$34,MATCH($D11,CARDS!$A$5:$A$34,0))="","",IF(INDEX(CARDS!$I$5:$I$34,MATCH($D11,CARDS!$A$5:$A$34,0))>INDEX(CARDS!$H$5:$H$34,MATCH($D11,CARDS!$A$5:$A$34,0)),DATE(YEAR($AD11),MONTH($AD11),MIN(INDEX(CARDS!$I$5:$I$34,MATCH($D11,CARDS!$A$5:$A$34,0)),DAY(EOMONTH($AD11,0)))),DATE(YEAR($AD11),MONTH($AD11)+1,MIN(INDEX(CARDS!$I$5:$I$34,MATCH($D11,CARDS!$A$5:$A$34,0)),DAY(EOMONTH($AD11,1)))))),"")) -> 46341 | U11: Posted | V11: SAMPLE DATA — có thể xóa — CASHBACK LÝ THUYẾT 1,5tr > cap nhóm 500k | X11: Chưa thanh toán | Y11: =IF($AC11>0,INDEX(CASHBACK_RULES!$A$5:$A$304,$AC11),"") -> R008 | Z11: =IF($AC11>0,INDEX(CASHBACK_RULES!$E$5:$E$304,$AC11)&"","") -> Group 2 | AA11: =IF($AC11>0,IF(ISNUMBER(INDEX(CASHBACK_RULES!$K$5:$K$304,$AC11)),INDEX(CASHBACK_RULES!$K$5:$K$304,$AC11),"∞"),"") -> 1000000 | AB11: =IF(OR($B11="",$D11=""),"",IF($U11="Cancelled","Đã hủy",IF($AC11=0,"Không được hoàn",IF($Q11=0,IF(OR($O11>0,$M11<$L11),"Đã đạt cap","Không được hoàn"),IF(OR($Q11<$O11,$M11<$L11),"Hoàn một phần","Được hoàn"))))) -> Hoàn một phần | AC11: =IF(OR($B11="",$D11="",$I11="",$L11=""),0,IF($U11="Cancelled",0,IF($W11<>"",IFERROR(IF(INDEX(CASHBACK_RULES!$B$5:$B$304,MATCH($W11,CASHBACK_RULES!$A$5:$A$304,0))=$D11,MATCH($W11,CASHBACK_RULES!$A$5:$A$304,0),0),0),IFERROR(MATCH(1,INDEX((CASHBACK_RULES!$B$5:$B$304=$D11)*(CASHBACK_RULES!$G$5:$G$304=$I11)*(((CASHBACK_RULES!$N$5:$N$304="")+(CASHBACK_RULES!$N$5:$N$304<=$B11))>0)*(((CASHBACK_RULES!$O$5:$O$304="")+(CASHBACK_RULES!$O$5:$O$304>=$B11))>0)*(((CASHBACK_RULES!$M$5:$M$304="")+(CASHBACK_RULES!$M$5:$M$304<=$L11))>0),0),0),0)))) -> 8 | AD11: =IF(OR($B11="",$D11=""),"",IFERROR(IF(INDEX(CARDS!$H$5:$H$34,MATCH($D11,CARDS!$A$5:$A$34,0))="","",IF(DAY($B11)<=INDEX(CARDS!$H$5:$H$34,MATCH($D11,CARDS!$A$5:$A$34,0)),DATE(YEAR($B11),MONTH($B11),MIN(INDEX(CARDS!$H$5:$H$34,MATCH($D11,CARDS!$A$5:$A$34,0)),DAY(EOMONTH($B11,0)))),DATE(YEAR($B11),MONTH($B11)+1,MIN(INDEX(CARDS!$H$5:$H$34,MATCH($D11,CARDS!$A$5:$A$34,0)),DAY(EOMONTH($B11,1)))))),"")) -> 46320 | AE11: =IF($C11="","",$C11&"|"&COUNTIF($C$5:$C11,$C11)) -> 202610|1 | AF11: =IF($AC11>0,SUMIFS(Q$4:Q10,$D$4:$D10,$D11,$Z$4:$Z10,$Z11,$C$4:$C10,$C11),0) -> 0 | AG11: =IF($AC11>0,SUMIFS(Q$4:Q10,$D$4:$D10,$D11,$C$4:$C10,$C11),0) -> 0 | AH11: =IF($AC11>0,SUMIFS(M$4:M10,$D$4:$D10,$D11,$Z$4:$Z10,$Z11,$C$4:$C10,$C11),0) -> 0 | AI11: =IF(OR($C11="",$I11=""),0,IF(COUNTIFS($C$5:$C11,$C11,$I$5:$I11,$I11)=1,1,0)) -> 1 | AJ11: =IF($AI11=1,SUMIFS($AI$4:$AI10,$C$4:$C10,$C11)+1,"") -> 1 | AK11: =IF(OR($C11="",$K11=""),0,IF(COUNTIFS($C$5:$C11,$C11,$K$5:$K11,$K11)=1,1,0)) -> 1 | AL11: =IF($AK11=1,SUMIFS($AK$4:$AK10,$C$4:$C10,$C11)+1,"") -> 1 | AM11: =IF(OR($C11="",$G11=""),0,IF(COUNTIFS($C$5:$C11,$C11,$G$5:$G11,$G11)=1,1,0)) -> 1 | AN11: =IF($AM11=1,SUMIFS($AM$4:$AM10,$C$4:$C10,$C11)+1,"") -> 1
A12: =IF(OR($B12="",$D12=""),"","TX"&TEXT(ROW()-4,"0000")) -> TX0008 | B12: 46296 | C12: =IF($B12="","",YEAR($B12)*100+MONTH($B12)) -> 202610 | D12: VPB-JCBZ | E12: =IF($D12="","",IFERROR(INDEX(CARDS!$B$5:$B$34,MATCH($D12,CARDS!$A$5:$A$34,0)),"⚠ Card ID?")) -> VPBank | F12: =IF($D12="","",IFERROR(INDEX(CARDS!$C$5:$C$34,MATCH($D12,CARDS!$A$5:$A$34,0)),"⚠ Card ID?")) -> JCB Z Card | G12: Nhà hàng Hải Sản Biển Đông | H12: Ăn tối | I12: 5812 | J12: =IF($I12="","",IFERROR(INDEX(MCC_MASTER!$B$5:$B$504,MATCH($I12,MCC_MASTER!$A$5:$A$504,0)),"⚠ MCC chưa có")) -> Eating Places / Restaurants | K12: =IF($I12="","",IFERROR(IF(INDEX(MCC_MASTER!$C$5:$C$504,MATCH($I12,MCC_MASTER!$A$5:$A$504,0))="","Chưa phân loại",INDEX(MCC_MASTER!$C$5:$C$504,MATCH($I12,MCC_MASTER!$A$5:$A$504,0))),"Chưa phân loại")) -> Dining | L12: 1200000 | M12: =IF(OR($B12="",$D12=""),"",IF($AC12=0,0,IF(ISNUMBER(INDEX(CASHBACK_RULES!$L$5:$L$304,$AC12)),MAX(0,MIN($L12,INDEX(CASHBACK_RULES!$L$5:$L$304,$AC12)-$AH12)),MAX(0,$L12)))) -> 1200000 | N12: =IF(OR($B12="",$D12=""),"",IF($AC12>0,INDEX(CASHBACK_RULES!$I$5:$I$304,$AC12),0)) -> 0.15 | O12: =IF(OR($B12="",$D12=""),"",ROUND($M12*$N12,0)) -> 180000 | P12: =IF($AC12>0,IF(ISNUMBER(INDEX(CASHBACK_RULES!$J$5:$J$304,$AC12)),INDEX(CASHBACK_RULES!$J$5:$J$304,$AC12),"∞"),"") -> 500000 | Q12: =IF(OR($B12="",$D12=""),"",IF($AC12=0,0,MAX(0,MIN($O12,IF(ISNUMBER($P12),$P12-$AF12,1E+15),IF(ISNUMBER($AA12),$AA12-$AG12,1E+15))))) -> 180000 | R12: =IF(OR($B12="",$D12=""),"",IF($AC12=0,"",IF(AND(NOT(ISNUMBER($P12)),NOT(ISNUMBER($AA12))),"∞",MAX(0,MIN(IF(ISNUMBER($P12),$P12-$AF12-$Q12,1E+15),IF(ISNUMBER($AA12),$AA12-$AG12-$Q12,1E+15)))))) -> 320000 | S12: =IF($AD12="","",YEAR($AD12)*100+MONTH($AD12)) -> 202610 | T12: =IF($AD12="","",IFERROR(IF(INDEX(CARDS!$I$5:$I$34,MATCH($D12,CARDS!$A$5:$A$34,0))="","",IF(INDEX(CARDS!$I$5:$I$34,MATCH($D12,CARDS!$A$5:$A$34,0))>INDEX(CARDS!$H$5:$H$34,MATCH($D12,CARDS!$A$5:$A$34,0)),DATE(YEAR($AD12),MONTH($AD12),MIN(INDEX(CARDS!$I$5:$I$34,MATCH($D12,CARDS!$A$5:$A$34,0)),DAY(EOMONTH($AD12,0)))),DATE(YEAR($AD12),MONTH($AD12)+1,MIN(INDEX(CARDS!$I$5:$I$34,MATCH($D12,CARDS!$A$5:$A$34,0)),DAY(EOMONTH($AD12,1)))))),"")) -> 46341 | U12: Posted | V12: SAMPLE DATA — có thể xóa | X12: Chưa thanh toán | Y12: =IF($AC12>0,INDEX(CASHBACK_RULES!$A$5:$A$304,$AC12),"") -> R002 | Z12: =IF($AC12>0,INDEX(CASHBACK_RULES!$E$5:$E$304,$AC12)&"","") -> Group 1 | AA12: =IF($AC12>0,IF(ISNUMBER(INDEX(CASHBACK_RULES!$K$5:$K$304,$AC12)),INDEX(CASHBACK_RULES!$K$5:$K$304,$AC12),"∞"),"") -> 1000000 | AB12: =IF(OR($B12="",$D12=""),"",IF($U12="Cancelled","Đã hủy",IF($AC12=0,"Không được hoàn",IF($Q12=0,IF(OR($O12>0,$M12<$L12),"Đã đạt cap","Không được hoàn"),IF(OR($Q12<$O12,$M12<$L12),"Hoàn một phần","Được hoàn"))))) -> Được hoàn | AC12: =IF(OR($B12="",$D12="",$I12="",$L12=""),0,IF($U12="Cancelled",0,IF($W12<>"",IFERROR(IF(INDEX(CASHBACK_RULES!$B$5:$B$304,MATCH($W12,CASHBACK_RULES!$A$5:$A$304,0))=$D12,MATCH($W12,CASHBACK_RULES!$A$5:$A$304,0),0),0),IFERROR(MATCH(1,INDEX((CASHBACK_RULES!$B$5:$B$304=$D12)*(CASHBACK_RULES!$G$5:$G$304=$I12)*(((CASHBACK_RULES!$N$5:$N$304="")+(CASHBACK_RULES!$N$5:$N$304<=$B12))>0)*(((CASHBACK_RULES!$O$5:$O$304="")+(CASHBACK_RULES!$O$5:$O$304>=$B12))>0)*(((CASHBACK_RULES!$M$5:$M$304="")+(CASHBACK_RULES!$M$5:$M$304<=$L12))>0),0),0),0)))) -> 2 | AD12: =IF(OR($B12="",$D12=""),"",IFERROR(IF(INDEX(CARDS!$H$5:$H$34,MATCH($D12,CARDS!$A$5:$A$34,0))="","",IF(DAY($B12)<=INDEX(CARDS!$H$5:$H$34,MATCH($D12,CARDS!$A$5:$A$34,0)),DATE(YEAR($B12),MONTH($B12),MIN(INDEX(CARDS!$H$5:$H$34,MATCH($D12,CARDS!$A$5:$A$34,0)),DAY(EOMONTH($B12,0)))),DATE(YEAR($B12),MONTH($B12)+1,MIN(INDEX(CARDS!$H$5:$H$34,MATCH($D12,CARDS!$A$5:$A$34,0)),DAY(EOMONTH($B12,1)))))),"")) -> 46320 | AE12: =IF($C12="","",$C12&"|"&COUNTIF($C$5:$C12,$C12)) -> 202610|2 | AF12: =IF($AC12>0,SUMIFS(Q$4:Q11,$D$4:$D11,$D12,$Z$4:$Z11,$Z12,$C$4:$C11,$C12),0) -> 0 | AG12: =IF($AC12>0,SUMIFS(Q$4:Q11,$D$4:$D11,$D12,$C$4:$C11,$C12),0) -> 500000 | AH12: =IF($AC12>0,SUMIFS(M$4:M11,$D$4:$D11,$D12,$Z$4:$Z11,$Z12,$C$4:$C11,$C12),0) -> 0 | AI12: =IF(OR($C12="",$I12=""),0,IF(COUNTIFS($C$5:$C12,$C12,$I$5:$I12,$I12)=1,1,0)) -> 1 | AJ12: =IF($AI12=1,SUMIFS($AI$4:$AI11,$C$4:$C11,$C12)+1,"") -> 2 | AK12: =IF(OR($C12="",$K12=""),0,IF(COUNTIFS($C$5:$C12,$C12,$K$5:$K12,$K12)=1,1,0)) -> 1 | AL12: =IF($AK12=1,SUMIFS($AK$4:$AK11,$C$4:$C11,$C12)+1,"") -> 2 | AM12: =IF(OR($C12="",$G12=""),0,IF(COUNTIFS($C$5:$C12,$C12,$G$5:$G12,$G12)=1,1,0)) -> 1 | AN12: =IF($AM12=1,SUMIFS($AM$4:$AM11,$C$4:$C11,$C12)+1,"") -> 2
A13: =IF(OR($B13="",$D13=""),"","TX"&TEXT(ROW()-4,"0000")) -> TX0009 | B13: 46297 | C13: =IF($B13="","",YEAR($B13)*100+MONTH($B13)) -> 202610 | D13: VIB-A | E13: =IF($D13="","",IFERROR(INDEX(CARDS!$B$5:$B$34,MATCH($D13,CARDS!$A$5:$A$34,0)),"⚠ Card ID?")) -> VIB | F13: =IF($D13="","",IFERROR(INDEX(CARDS!$C$5:$C$34,MATCH($D13,CARDS!$A$5:$A$34,0)),"⚠ Card ID?")) -> Cashback Demo A | G13: WinMart | H13: Siêu thị | I13: 5411 | J13: =IF($I13="","",IFERROR(INDEX(MCC_MASTER!$B$5:$B$504,MATCH($I13,MCC_MASTER!$A$5:$A$504,0)),"⚠ MCC chưa có")) -> Grocery Stores / Supermarkets | K13: =IF($I13="","",IFERROR(IF(INDEX(MCC_MASTER!$C$5:$C$504,MATCH($I13,MCC_MASTER!$A$5:$A$504,0))="","Chưa phân loại",INDEX(MCC_MASTER!$C$5:$C$504,MATCH($I13,MCC_MASTER!$A$5:$A$504,0))),"Chưa phân loại")) -> Groceries | L13: 4500000 | M13: =IF(OR($B13="",$D13=""),"",IF($AC13=0,0,IF(ISNUMBER(INDEX(CASHBACK_RULES!$L$5:$L$304,$AC13)),MAX(0,MIN($L13,INDEX(CASHBACK_RULES!$L$5:$L$304,$AC13)-$AH13)),MAX(0,$L13)))) -> 4500000 | N13: =IF(OR($B13="",$D13=""),"",IF($AC13>0,INDEX(CASHBACK_RULES!$I$5:$I$304,$AC13),0)) -> 0.1 | O13: =IF(OR($B13="",$D13=""),"",ROUND($M13*$N13,0)) -> 450000 | P13: =IF($AC13>0,IF(ISNUMBER(INDEX(CASHBACK_RULES!$J$5:$J$304,$AC13)),INDEX(CASHBACK_RULES!$J$5:$J$304,$AC13),"∞"),"") -> 500000 | Q13: =IF(OR($B13="",$D13=""),"",IF($AC13=0,0,MAX(0,MIN($O13,IF(ISNUMBER($P13),$P13-$AF13,1E+15),IF(ISNUMBER($AA13),$AA13-$AG13,1E+15))))) -> 450000 | R13: =IF(OR($B13="",$D13=""),"",IF($AC13=0,"",IF(AND(NOT(ISNUMBER($P13)),NOT(ISNUMBER($AA13))),"∞",MAX(0,MIN(IF(ISNUMBER($P13),$P13-$AF13-$Q13,1E+15),IF(ISNUMBER($AA13),$AA13-$AG13-$Q13,1E+15)))))) -> 50000 | S13: =IF($AD13="","",YEAR($AD13)*100+MONTH($AD13)) -> 202610 | T13: =IF($AD13="","",IFERROR(IF(INDEX(CARDS!$I$5:$I$34,MATCH($D13,CARDS!$A$5:$A$34,0))="","",IF(INDEX(CARDS!$I$5:$I$34,MATCH($D13,CARDS!$A$5:$A$34,0))>INDEX(CARDS!$H$5:$H$34,MATCH($D13,CARDS!$A$5:$A$34,0)),DATE(YEAR($AD13),MONTH($AD13),MIN(INDEX(CARDS!$I$5:$I$34,MATCH($D13,CARDS!$A$5:$A$34,0)),DAY(EOMONTH($AD13,0)))),DATE(YEAR($AD13),MONTH($AD13)+1,MIN(INDEX(CARDS!$I$5:$I$34,MATCH($D13,CARDS!$A$5:$A$34,0)),DAY(EOMONTH($AD13,1)))))),"")) -> 46320 | U13: Posted | V13: SAMPLE DATA — có thể xóa | X13: Chưa thanh toán | Y13: =IF($AC13>0,INDEX(CASHBACK_RULES!$A$5:$A$304,$AC13),"") -> R011 | Z13: =IF($AC13>0,INDEX(CASHBACK_RULES!$E$5:$E$304,$AC13)&"","") -> Group 1 | AA13: =IF($AC13>0,IF(ISNUMBER(INDEX(CASHBACK_RULES!$K$5:$K$304,$AC13)),INDEX(CASHBACK_RULES!$K$5:$K$304,$AC13),"∞"),"") -> 1000000 | AB13: =IF(OR($B13="",$D13=""),"",IF($U13="Cancelled","Đã hủy",IF($AC13=0,"Không được hoàn",IF($Q13=0,IF(OR($O13>0,$M13<$L13),"Đã đạt cap","Không được hoàn"),IF(OR($Q13<$O13,$M13<$L13),"Hoàn một phần","Được hoàn"))))) -> Được hoàn | AC13: =IF(OR($B13="",$D13="",$I13="",$L13=""),0,IF($U13="Cancelled",0,IF($W13<>"",IFERROR(IF(INDEX(CASHBACK_RULES!$B$5:$B$304,MATCH($W13,CASHBACK_RULES!$A$5:$A$304,0))=$D13,MATCH($W13,CASHBACK_RULES!$A$5:$A$304,0),0),0),IFERROR(MATCH(1,INDEX((CASHBACK_RULES!$B$5:$B$304=$D13)*(CASHBACK_RULES!$G$5:$G$304=$I13)*(((CASHBACK_RULES!$N$5:$N$304="")+(CASHBACK_RULES!$N$5:$N$304<=$B13))>0)*(((CASHBACK_RULES!$O$5:$O$304="")+(CASHBACK_RULES!$O$5:$O$304>=$B13))>0)*(((CASHBACK_RULES!$M$5:$M$304="")+(CASHBACK_RULES!$M$5:$M$304<=$L13))>0),0),0),0)))) -> 11 | AD13: =IF(OR($B13="",$D13=""),"",IFERROR(IF(INDEX(CARDS!$H$5:$H$34,MATCH($D13,CARDS!$A$5:$A$34,0))="","",IF(DAY($B13)<=INDEX(CARDS!$H$5:$H$34,MATCH($D13,CARDS!$A$5:$A$34,0)),DATE(YEAR($B13),MONTH($B13),MIN(INDEX(CARDS!$H$5:$H$34,MATCH($D13,CARDS!$A$5:$A$34,0)),DAY(EOMONTH($B13,0)))),DATE(YEAR($B13),MONTH($B13)+1,MIN(INDEX(CARDS!$H$5:$H$34,MATCH($D13,CARDS!$A$5:$A$34,0)),DAY(EOMONTH($B13,1)))))),"")) -> 46300 | AE13: =IF($C13="","",$C13&"|"&COUNTIF($C$5:$C13,$C13)) -> 202610|3 | AF13: =IF($AC13>0,SUMIFS(Q$4:Q12,$D$4:$D12,$D13,$Z$4:$Z12,$Z13,$C$4:$C12,$C13),0) -> 0 | AG13: =IF($AC13>0,SUMIFS(Q$4:Q12,$D$4:$D12,$D13,$C$4:$C12,$C13),0) -> 0 | AH13: =IF($AC13>0,SUMIFS(M$4:M12,$D$4:$D12,$D13,$Z$4:$Z12,$Z13,$C$4:$C12,$C13),0) -> 0 | AI13: =IF(OR($C13="",$I13=""),0,IF(COUNTIFS($C$5:$C13,$C13,$I$5:$I13,$I13)=1,1,0)) -> 1 | AJ13: =IF($AI13=1,SUMIFS($AI$4:$AI12,$C$4:$C12,$C13)+1,"") -> 3 | AK13: =IF(OR($C13="",$K13=""),0,IF(COUNTIFS($C$5:$C13,$C13,$K$5:$K13,$K13)=1,1,0)) -> 1 | AL13: =IF($AK13=1,SUMIFS($AK$4:$AK12,$C$4:$C12,$C13)+1,"") -> 3 | AM13: =IF(OR($C13="",$G13=""),0,IF(COUNTIFS($C$5:$C13,$C13,$G$5:$G13,$G13)=1,1,0)) -> 1 | AN13: =IF($AM13=1,SUMIFS($AM$4:$AM12,$C$4:$C12,$C13)+1,"") -> 3
A14: =IF(OR($B14="",$D14=""),"","TX"&TEXT(ROW()-4,"0000")) -> TX0010 | B14: 46297 | C14: =IF($B14="","",YEAR($B14)*100+MONTH($B14)) -> 202610 | D14: VPB-JCBZ | E14: =IF($D14="","",IFERROR(INDEX(CARDS!$B$5:$B$34,MATCH($D14,CARDS!$A$5:$A$34,0)),"⚠ Card ID?")) -> VPBank | F14: =IF($D14="","",IFERROR(INDEX(CARDS!$C$5:$C$34,MATCH($D14,CARDS!$A$5:$A$34,0)),"⚠ Card ID?")) -> JCB Z Card | G14: Pizza 4P's | H14: Ăn trưa | I14: 5812 | J14: =IF($I14="","",IFERROR(INDEX(MCC_MASTER!$B$5:$B$504,MATCH($I14,MCC_MASTER!$A$5:$A$504,0)),"⚠ MCC chưa có")) -> Eating Places / Restaurants | K14: =IF($I14="","",IFERROR(IF(INDEX(MCC_MASTER!$C$5:$C$504,MATCH($I14,MCC_MASTER!$A$5:$A$504,0))="","Chưa phân loại",INDEX(MCC_MASTER!$C$5:$C$504,MATCH($I14,MCC_MASTER!$A$5:$A$504,0))),"Chưa phân loại")) -> Dining | L14: 800000 | M14: =IF(OR($B14="",$D14=""),"",IF($AC14=0,0,IF(ISNUMBER(INDEX(CASHBACK_RULES!$L$5:$L$304,$AC14)),MAX(0,MIN($L14,INDEX(CASHBACK_RULES!$L$5:$L$304,$AC14)-$AH14)),MAX(0,$L14)))) -> 800000 | N14: =IF(OR($B14="",$D14=""),"",IF($AC14>0,INDEX(CASHBACK_RULES!$I$5:$I$304,$AC14),0)) -> 0.15 | O14: =IF(OR($B14="",$D14=""),"",ROUND($M14*$N14,0)) -> 120000 | P14: =IF($AC14>0,IF(ISNUMBER(INDEX(CASHBACK_RULES!$J$5:$J$304,$AC14)),INDEX(CASHBACK_RULES!$J$5:$J$304,$AC14),"∞"),"") -> 500000 | Q14: =IF(OR($B14="",$D14=""),"",IF($AC14=0,0,MAX(0,MIN($O14,IF(ISNUMBER($P14),$P14-$AF14,1E+15),IF(ISNUMBER($AA14),$AA14-$AG14,1E+15))))) -> 120000 | R14: =IF(OR($B14="",$D14=""),"",IF($AC14=0,"",IF(AND(NOT(ISNUMBER($P14)),NOT(ISNUMBER($AA14))),"∞",MAX(0,MIN(IF(ISNUMBER($P14),$P14-$AF14-$Q14,1E+15),IF(ISNUMBER($AA14),$AA14-$AG14-$Q14,1E+15)))))) -> 200000 | S14: =IF($AD14="","",YEAR($AD14)*100+MONTH($AD14)) -> 202610 | T14: =IF($AD14="","",IFERROR(IF(INDEX(CARDS!$I$5:$I$34,MATCH($D14,CARDS!$A$5:$A$34,0))="","",IF(INDEX(CARDS!$I$5:$I$34,MATCH($D14,CARDS!$A$5:$A$34,0))>INDEX(CARDS!$H$5:$H$34,MATCH($D14,CARDS!$A$5:$A$34,0)),DATE(YEAR($AD14),MONTH($AD14),MIN(INDEX(CARDS!$I$5:$I$34,MATCH($D14,CARDS!$A$5:$A$34,0)),DAY(EOMONTH($AD14,0)))),DATE(YEAR($AD14),MONTH($AD14)+1,MIN(INDEX(CARDS!$I$5:$I$34,MATCH($D14,CARDS!$A$5:$A$34,0)),DAY(EOMONTH($AD14,1)))))),"")) -> 46341 | U14: Posted | V14: SAMPLE DATA — có thể xóa | X14: Chưa thanh toán | Y14: =IF($AC14>0,INDEX(CASHBACK_RULES!$A$5:$A$304,$AC14),"") -> R002 | Z14: =IF($AC14>0,INDEX(CASHBACK_RULES!$E$5:$E$304,$AC14)&"","") -> Group 1 | AA14: =IF($AC14>0,IF(ISNUMBER(INDEX(CASHBACK_RULES!$K$5:$K$304,$AC14)),INDEX(CASHBACK_RULES!$K$5:$K$304,$AC14),"∞"),"") -> 1000000 | AB14: =IF(OR($B14="",$D14=""),"",IF($U14="Cancelled","Đã hủy",IF($AC14=0,"Không được hoàn",IF($Q14=0,IF(OR($O14>0,$M14<$L14),"Đã đạt cap","Không được hoàn"),IF(OR($Q14<$O14,$M14<$L14),"Hoàn một phần","Được hoàn"))))) -> Được hoàn | AC14: =IF(OR($B14="",$D14="",$I14="",$L14=""),0,IF($U14="Cancelled",0,IF($W14<>"",IFERROR(IF(INDEX(CASHBACK_RULES!$B$5:$B$304,MATCH($W14,CASHBACK_RULES!$A$5:$A$304,0))=$D14,MATCH($W14,CASHBACK_RULES!$A$5:$A$304,0),0),0),IFERROR(MATCH(1,INDEX((CASHBACK_RULES!$B$5:$B$304=$D14)*(CASHBACK_RULES!$G$5:$G$304=$I14)*(((CASHBACK_RULES!$N$5:$N$304="")+(CASHBACK_RULES!$N$5:$N$304<=$B14))>0)*(((CASHBACK_RULES!$O$5:$O$304="")+(CASHBACK_RULES!$O$5:$O$304>=$B14))>0)*(((CASHBACK_RULES!$M$5:$M$304="")+(CASHBACK_RULES!$M$5:$M$304<=$L14))>0),0),0),0)))) -> 2 | AD14: =IF(OR($B14="",$D14=""),"",IFERROR(IF(INDEX(CARDS!$H$5:$H$34,MATCH($D14,CARDS!$A$5:$A$34,0))="","",IF(DAY($B14)<=INDEX(CARDS!$H$5:$H$34,MATCH($D14,CARDS!$A$5:$A$34,0)),DATE(YEAR($B14),MONTH($B14),MIN(INDEX(CARDS!$H$5:$H$34,MATCH($D14,CARDS!$A$5:$A$34,0)),DAY(EOMONTH($B14,0)))),DATE(YEAR($B14),MONTH($B14)+1,MIN(INDEX(CARDS!$H$5:$H$34,MATCH($D14,CARDS!$A$5:$A$34,0)),DAY(EOMONTH($B14,1)))))),"")) -> 46320 | AE14: =IF($C14="","",$C14&"|"&COUNTIF($C$5:$C14,$C14)) -> 202610|4 | AF14: =IF($AC14>0,SUMIFS(Q$4:Q13,$D$4:$D13,$D14,$Z$4:$Z13,$Z14,$C$4:$C13,$C14),0) -> 180000 | AG14: =IF($AC14>0,SUMIFS(Q$4:Q13,$D$4:$D13,$D14,$C$4:$C13,$C14),0) -> 680000 | AH14: =IF($AC14>0,SUMIFS(M$4:M13,$D$4:$D13,$D14,$Z$4:$Z13,$Z14,$C$4:$C13,$C14),0) -> 1200000 | AI14: =IF(OR($C14="",$I14=""),0,IF(COUNTIFS($C$5:$C14,$C14,$I$5:$I14,$I14)=1,1,0)) -> 0 | AJ14: =IF($AI14=1,SUMIFS($AI$4:$AI13,$C$4:$C13,$C14)+1,"") | AK14: =IF(OR($C14="",$K14=""),0,IF(COUNTIFS($C$5:$C14,$C14,$K$5:$K14,$K14)=1,1,0)) -> 0 | AL14: =IF($AK14=1,SUMIFS($AK$4:$AK13,$C$4:$C13,$C14)+1,"") | AM14: =IF(OR($C14="",$G14=""),0,IF(COUNTIFS($C$5:$C14,$C14,$G$5:$G14,$G14)=1,1,0)) -> 1 | AN14: =IF($AM14=1,SUMIFS($AM$4:$AM13,$C$4:$C13,$C14)+1,"") -> 4
A15: =IF(OR($B15="",$D15=""),"","TX"&TEXT(ROW()-4,"0000")) -> TX0011 | B15: 46297 | C15: =IF($B15="","",YEAR($B15)*100+MONTH($B15)) -> 202610 | D15: UOB-C | E15: =IF($D15="","",IFERROR(INDEX(CARDS!$B$5:$B$34,MATCH($D15,CARDS!$A$5:$A$34,0)),"⚠ Card ID?")) -> UOB | F15: =IF($D15="","",IFERROR(INDEX(CARDS!$C$5:$C$34,MATCH($D15,CARDS!$A$5:$A$34,0)),"⚠ Card ID?")) -> Cashback Demo C | G15: Sushi Hokkaido | H15: Ăn tối | I15: 5812 | J15: =IF($I15="","",IFERROR(INDEX(MCC_MASTER!$B$5:$B$504,MATCH($I15,MCC_MASTER!$A$5:$A$504,0)),"⚠ MCC chưa có")) -> Eating Places / Restaurants | K15: =IF($I15="","",IFERROR(IF(INDEX(MCC_MASTER!$C$5:$C$504,MATCH($I15,MCC_MASTER!$A$5:$A$504,0))="","Chưa phân loại",INDEX(MCC_MASTER!$C$5:$C$504,MATCH($I15,MCC_MASTER!$A$5:$A$504,0))),"Chưa phân loại")) -> Dining | L15: 4000000 | M15: =IF(OR($B15="",$D15=""),"",IF($AC15=0,0,IF(ISNUMBER(INDEX(CASHBACK_RULES!$L$5:$L$304,$AC15)),MAX(0,MIN($L15,INDEX(CASHBACK_RULES!$L$5:$L$304,$AC15)-$AH15)),MAX(0,$L15)))) -> 4000000 | N15: =IF(OR($B15="",$D15=""),"",IF($AC15>0,INDEX(CASHBACK_RULES!$I$5:$I$304,$AC15),0)) -> 0.15 | O15: =IF(OR($B15="",$D15=""),"",ROUND($M15*$N15,0)) -> 600000 | P15: =IF($AC15>0,IF(ISNUMBER(INDEX(CASHBACK_RULES!$J$5:$J$304,$AC15)),INDEX(CASHBACK_RULES!$J$5:$J$304,$AC15),"∞"),"") -> 1000000 | Q15: =IF(OR($B15="",$D15=""),"",IF($AC15=0,0,MAX(0,MIN($O15,IF(ISNUMBER($P15),$P15-$AF15,1E+15),IF(ISNUMBER($AA15),$AA15-$AG15,1E+15))))) -> 600000 | R15: =IF(OR($B15="",$D15=""),"",IF($AC15=0,"",IF(AND(NOT(ISNUMBER($P15)),NOT(ISNUMBER($AA15))),"∞",MAX(0,MIN(IF(ISNUMBER($P15),$P15-$AF15-$Q15,1E+15),IF(ISNUMBER($AA15),$AA15-$AG15-$Q15,1E+15)))))) -> 400000 | S15: =IF($AD15="","",YEAR($AD15)*100+MONTH($AD15)) -> 202610 | T15: =IF($AD15="","",IFERROR(IF(INDEX(CARDS!$I$5:$I$34,MATCH($D15,CARDS!$A$5:$A$34,0))="","",IF(INDEX(CARDS!$I$5:$I$34,MATCH($D15,CARDS!$A$5:$A$34,0))>INDEX(CARDS!$H$5:$H$34,MATCH($D15,CARDS!$A$5:$A$34,0)),DATE(YEAR($AD15),MONTH($AD15),MIN(INDEX(CARDS!$I$5:$I$34,MATCH($D15,CARDS!$A$5:$A$34,0)),DAY(EOMONTH($AD15,0)))),DATE(YEAR($AD15),MONTH($AD15)+1,MIN(INDEX(CARDS!$I$5:$I$34,MATCH($D15,CARDS!$A$5:$A$34,0)),DAY(EOMONTH($AD15,1)))))),"")) -> 46323 | U15: Posted | V15: SAMPLE DATA — có thể xóa | X15: Chưa thanh toán | Y15: =IF($AC15>0,INDEX(CASHBACK_RULES!$A$5:$A$304,$AC15),"") -> R022 | Z15: =IF($AC15>0,INDEX(CASHBACK_RULES!$E$5:$E$304,$AC15)&"","") -> Group 1 | AA15: =IF($AC15>0,IF(ISNUMBER(INDEX(CASHBACK_RULES!$K$5:$K$304,$AC15)),INDEX(CASHBACK_RULES!$K$5:$K$304,$AC15),"∞"),"") -> ∞ | AB15: =IF(OR($B15="",$D15=""),"",IF($U15="Cancelled","Đã hủy",IF($AC15=0,"Không được hoàn",IF($Q15=0,IF(OR($O15>0,$M15<$L15),"Đã đạt cap","Không được hoàn"),IF(OR($Q15<$O15,$M15<$L15),"Hoàn một phần","Được hoàn"))))) -> Được hoàn | AC15: =IF(OR($B15="",$D15="",$I15="",$L15=""),0,IF($U15="Cancelled",0,IF($W15<>"",IFERROR(IF(INDEX(CASHBACK_RULES!$B$5:$B$304,MATCH($W15,CASHBACK_RULES!$A$5:$A$304,0))=$D15,MATCH($W15,CASHBACK_RULES!$A$5:$A$304,0),0),0),IFERROR(MATCH(1,INDEX((CASHBACK_RULES!$B$5:$B$304=$D15)*(CASHBACK_RULES!$G$5:$G$304=$I15)*(((CASHBACK_RULES!$N$5:$N$304="")+(CASHBACK_RULES!$N$5:$N$304<=$B15))>0)*(((CASHBACK_RULES!$O$5:$O$304="")+(CASHBACK_RULES!$O$5:$O$304>=$B15))>0)*(((CASHBACK_RULES!$M$5:$M$304="")+(CASHBACK_RULES!$M$5:$M$304<=$L15))>0),0),0),0)))) -> 22 | AD15: =IF(OR($B15="",$D15=""),"",IFERROR(IF(INDEX(CARDS!$H$5:$H$34,MATCH($D15,CARDS!$A$5:$A$34,0))="","",IF(DAY($B15)<=INDEX(CARDS!$H$5:$H$34,MATCH($D15,CARDS!$A$5:$A$34,0)),DATE(YEAR($B15),MONTH($B15),MIN(INDEX(CARDS!$H$5:$H$34,MATCH($D15,CARDS!$A$5:$A$34,0)),DAY(EOMONTH($B15,0)))),DATE(YEAR($B15),MONTH($B15)+1,MIN(INDEX(CARDS!$H$5:$H$34,MATCH($D15,CARDS!$A$5:$A$34,0)),DAY(EOMONTH($B15,1)))))),"")) -> 46305 | AE15: =IF($C15="","",$C15&"|"&COUNTIF($C$5:$C15,$C15)) -> 202610|5 | AF15: =IF($AC15>0,SUMIFS(Q$4:Q14,$D$4:$D14,$D15,$Z$4:$Z14,$Z15,$C$4:$C14,$C15),0) -> 0 | AG15: =IF($AC15>0,SUMIFS(Q$4:Q14,$D$4:$D14,$D15,$C$4:$C14,$C15),0) -> 0 | AH15: =IF($AC15>0,SUMIFS(M$4:M14,$D$4:$D14,$D15,$Z$4:$Z14,$Z15,$C$4:$C14,$C15),0) -> 0 | AI15: =IF(OR($C15="",$I15=""),0,IF(COUNTIFS($C$5:$C15,$C15,$I$5:$I15,$I15)=1,1,0)) -> 0 | AJ15: =IF($AI15=1,SUMIFS($AI$4:$AI14,$C$4:$C14,$C15)+1,"") | AK15: =IF(OR($C15="",$K15=""),0,IF(COUNTIFS($C$5:$C15,$C15,$K$5:$K15,$K15)=1,1,0)) -> 0 | AL15: =IF($AK15=1,SUMIFS($AK$4:$AK14,$C$4:$C14,$C15)+1,"") | AM15: =IF(OR($C15="",$G15=""),0,IF(COUNTIFS($C$5:$C15,$C15,$G$5:$G15,$G15)=1,1,0)) -> 1 | AN15: =IF($AM15=1,SUMIFS($AM$4:$AM14,$C$4:$C14,$C15)+1,"") -> 5
A16: =IF(OR($B16="",$D16=""),"","TX"&TEXT(ROW()-4,"0000")) -> TX0012 | B16: 46298 | C16: =IF($B16="","",YEAR($B16)*100+MONTH($B16)) -> 202610 | D16: VPB-JCBZ | E16: =IF($D16="","",IFERROR(INDEX(CARDS!$B$5:$B$34,MATCH($D16,CARDS!$A$5:$A$34,0)),"⚠ Card ID?")) -> VPBank | F16: =IF($D16="","",IFERROR(INDEX(CARDS!$C$5:$C$34,MATCH($D16,CARDS!$A$5:$A$34,0)),"⚠ Card ID?")) -> JCB Z Card | G16: Pub Beer Corner | H16: Bar | I16: 5813 | J16: =IF($I16="","",IFERROR(INDEX(MCC_MASTER!$B$5:$B$504,MATCH($I16,MCC_MASTER!$A$5:$A$504,0)),"⚠ MCC chưa có")) -> Drinking Places (Bars, Taverns) | K16: =IF($I16="","",IFERROR(IF(INDEX(MCC_MASTER!$C$5:$C$504,MATCH($I16,MCC_MASTER!$A$5:$A$504,0))="","Chưa phân loại",INDEX(MCC_MASTER!$C$5:$C$504,MATCH($I16,MCC_MASTER!$A$5:$A$504,0))),"Chưa phân loại")) -> Dining | L16: 600000 | M16: =IF(OR($B16="",$D16=""),"",IF($AC16=0,0,IF(ISNUMBER(INDEX(CASHBACK_RULES!$L$5:$L$304,$AC16)),MAX(0,MIN($L16,INDEX(CASHBACK_RULES!$L$5:$L$304,$AC16)-$AH16)),MAX(0,$L16)))) -> 600000 | N16: =IF(OR($B16="",$D16=""),"",IF($AC16>0,INDEX(CASHBACK_RULES!$I$5:$I$304,$AC16),0)) -> 0.15 | O16: =IF(OR($B16="",$D16=""),"",ROUND($M16*$N16,0)) -> 90000 | P16: =IF($AC16>0,IF(ISNUMBER(INDEX(CASHBACK_RULES!$J$5:$J$304,$AC16)),INDEX(CASHBACK_RULES!$J$5:$J$304,$AC16),"∞"),"") -> 500000 | Q16: =IF(OR($B16="",$D16=""),"",IF($AC16=0,0,MAX(0,MIN($O16,IF(ISNUMBER($P16),$P16-$AF16,1E+15),IF(ISNUMBER($AA16),$AA16-$AG16,1E+15))))) -> 90000 | R16: =IF(OR($B16="",$D16=""),"",IF($AC16=0,"",IF(AND(NOT(ISNUMBER($P16)),NOT(ISNUMBER($AA16))),"∞",MAX(0,MIN(IF(ISNUMBER($P16),$P16-$AF16-$Q16,1E+15),IF(ISNUMBER($AA16),$AA16-$AG16-$Q16,1E+15)))))) -> 110000 | S16: =IF($AD16="","",YEAR($AD16)*100+MONTH($AD16)) -> 202610 | T16: =IF($AD16="","",IFERROR(IF(INDEX(CARDS!$I$5:$I$34,MATCH($D16,CARDS!$A$5:$A$34,0))="","",IF(INDEX(CARDS!$I$5:$I$34,MATCH($D16,CARDS!$A$5:$A$34,0))>INDEX(CARDS!$H$5:$H$34,MATCH($D16,CARDS!$A$5:$A$34,0)),DATE(YEAR($AD16),MONTH($AD16),MIN(INDEX(CARDS!$I$5:$I$34,MATCH($D16,CARDS!$A$5:$A$34,0)),DAY(EOMONTH($AD16,0)))),DATE(YEAR($AD16),MONTH($AD16)+1,MIN(INDEX(CARDS!$I$5:$I$34,MATCH($D16,CARDS!$A$5:$A$34,0)),DAY(EOMONTH($AD16,1)))))),"")) -> 46341 | U16: Posted | V16: SAMPLE DATA — có thể xóa | X16: Chưa thanh toán | Y16: =IF($AC16>0,INDEX(CASHBACK_RULES!$A$5:$A$304,$AC16),"") -> R003 | Z16: =IF($AC16>0,INDEX(CASHBACK_RULES!$E$5:$E$304,$AC16)&"","") -> Group 1 | AA16: =IF($AC16>0,IF(ISNUMBER(INDEX(CASHBACK_RULES!$K$5:$K$304,$AC16)),INDEX(CASHBACK_RULES!$K$5:$K$304,$AC16),"∞"),"") -> 1000000 | AB16: =IF(OR($B16="",$D16=""),"",IF($U16="Cancelled","Đã hủy",IF($AC16=0,"Không được hoàn",IF($Q16=0,IF(OR($O16>0,$M16<$L16),"Đã đạt cap","Không được hoàn"),IF(OR($Q16<$O16,$M16<$L16),"Hoàn một phần","Được hoàn"))))) -> Được hoàn | AC16: =IF(OR($B16="",$D16="",$I16="",$L16=""),0,IF($U16="Cancelled",0,IF($W16<>"",IFERROR(IF(INDEX(CASHBACK_RULES!$B$5:$B$304,MATCH($W16,CASHBACK_RULES!$A$5:$A$304,0))=$D16,MATCH($W16,CASHBACK_RULES!$A$5:$A$304,0),0),0),IFERROR(MATCH(1,INDEX((CASHBACK_RULES!$B$5:$B$304=$D16)*(CASHBACK_RULES!$G$5:$G$304=$I16)*(((CASHBACK_RULES!$N$5:$N$304="")+(CASHBACK_RULES!$N$5:$N$304<=$B16))>0)*(((CASHBACK_RULES!$O$5:$O$304="")+(CASHBACK_RULES!$O$5:$O$304>=$B16))>0)*(((CASHBACK_RULES!$M$5:$M$304="")+(CASHBACK_RULES!$M$5:$M$304<=$L16))>0),0),0),0)))) -> 3 | AD16: =IF(OR($B16="",$D16=""),"",IFERROR(IF(INDEX(CARDS!$H$5:$H$34,MATCH($D16,CARDS!$A$5:$A$34,0))="","",IF(DAY($B16)<=INDEX(CARDS!$H$5:$H$34,MATCH($D16,CARDS!$A$5:$A$34,0)),DATE(YEAR($B16),MONTH($B16),MIN(INDEX(CARDS!$H$5:$H$34,MATCH($D16,CARDS!$A$5:$A$34,0)),DAY(EOMONTH($B16,0)))),DATE(YEAR($B16),MONTH($B16)+1,MIN(INDEX(CARDS!$H$5:$H$34,MATCH($D16,CARDS!$A$5:$A$34,0)),DAY(EOMONTH($B16,1)))))),"")) -> 46320 | AE16: =IF($C16="","",$C16&"|"&COUNTIF($C$5:$C16,$C16)) -> 202610|6 | AF16: =IF($AC16>0,SUMIFS(Q$4:Q15,$D$4:$D15,$D16,$Z$4:$Z15,$Z16,$C$4:$C15,$C16),0) -> 300000 | AG16: =IF($AC16>0,SUMIFS(Q$4:Q15,$D$4:$D15,$D16,$C$4:$C15,$C16),0) -> 800000 | AH16: =IF($AC16>0,SUMIFS(M$4:M15,$D$4:$D15,$D16,$Z$4:$Z15,$Z16,$C$4:$C15,$C16),0) -> 2000000 | AI16: =IF(OR($C16="",$I16=""),0,IF(COUNTIFS($C$5:$C16,$C16,$I$5:$I16,$I16)=1,1,0)) -> 1 | AJ16: =IF($AI16=1,SUMIFS($AI$4:$AI15,$C$4:$C15,$C16)+1,"") -> 4 | AK16: =IF(OR($C16="",$K16=""),0,IF(COUNTIFS($C$5:$C16,$C16,$K$5:$K16,$K16)=1,1,0)) -> 0 | AL16: =IF($AK16=1,SUMIFS($AK$4:$AK15,$C$4:$C15,$C16)+1,"") | AM16: =IF(OR($C16="",$G16=""),0,IF(COUNTIFS($C$5:$C16,$C16,$G$5:$G16,$G16)=1,1,0)) -> 1 | AN16: =IF($AM16=1,SUMIFS($AM$4:$AM15,$C$4:$C15,$C16)+1,"") -> 6
... A21: =IF(OR($B21="",$D21=""),"","TX"&TEXT(ROW()-4,"0000")) -> TX0017 | B21: 46299 | C21: =IF($B21="","",YEAR($B21)*100+MONTH($B21)) -> 202610 | D21: VPB-JCBZ | E21: =IF($D21="","",IFERROR(INDEX(CARDS!$B$5:$B$34,MATCH($D21,CARDS!$A$5:$A$34,0)),"⚠ Card ID?")) -> VPBank | F21: =IF($D21="","",IFERROR(INDEX(CARDS!$C$5:$C$34,MATCH($D21,CARDS!$A$5:$A$34,0)),"⚠ Card ID?")) -> JCB Z Card | G21: Xanh SM | H21: Taxi | I21: 4121 | J21: =IF($I21="","",IFERROR(INDEX(MCC_MASTER!$B$5:$B$504,MATCH($I21,MCC_MASTER!$A$5:$A$504,0)),"⚠ MCC chưa có")) -> Taxicabs / Limousines | K21: =IF($I21="","",IFERROR(IF(INDEX(MCC_MASTER!$C$5:$C$504,MATCH($I21,MCC_MASTER!$A$5:$A$504,0))="","Chưa phân loại",INDEX(MCC_MASTER!$C$5:$C$504,MATCH($I21,MCC_MASTER!$A$5:$A$504,0))),"Chưa phân loại")) -> Transport | L21: 1000000 | M21: =IF(OR($B21="",$D21=""),"",IF($AC21=0,0,IF(ISNUMBER(INDEX(CASHBACK_RULES!$L$5:$L$304,$AC21)),MAX(0,MIN($L21,INDEX(CASHBACK_RULES!$L$5:$L$304,$AC21)-$AH21)),MAX(0,$L21)))) -> 1000000 | N21: =IF(OR($B21="",$D21=""),"",IF($AC21>0,INDEX(CASHBACK_RULES!$I$5:$I$304,$AC21),0)) -> 0.15 | O21: =IF(OR($B21="",$D21=""),"",ROUND($M21*$N21,0)) -> 150000 | P21: =IF($AC21>0,IF(ISNUMBER(INDEX(CASHBACK_RULES!$J$5:$J$304,$AC21)),INDEX(CASHBACK_RULES!$J$5:$J$304,$AC21),"∞"),"") -> 500000 | Q21: =IF(OR($B21="",$D21=""),"",IF($AC21=0,0,MAX(0,MIN($O21,IF(ISNUMBER($P21),$P21-$AF21,1E+15),IF(ISNUMBER($AA21),$AA21-$AG21,1E+15))))) -> 50000 | R21: =IF(OR($B21="",$D21=""),"",IF($AC21=0,"",IF(AND(NOT(ISNUMBER($P21)),NOT(ISNUMBER($AA21))),"∞",MAX(0,MIN(IF(ISNUMBER($P21),$P21-$AF21-$Q21,1E+15),IF(ISNUMBER($AA21),$AA21-$AG21-$Q21,1E+15)))))) -> 0 | S21: =IF($AD21="","",YEAR($AD21)*100+MONTH($AD21)) -> 202610 | T21: =IF($AD21="","",IFERROR(IF(INDEX(CARDS!$I$5:$I$34,MATCH($D21,CARDS!$A$5:$A$34,0))="","",IF(INDEX(CARDS!$I$5:$I$34,MATCH($D21,CARDS!$A$5:$A$34,0))>INDEX(CARDS!$H$5:$H$34,MATCH($D21,CARDS!$A$5:$A$34,0)),DATE(YEAR($AD21),MONTH($AD21),MIN(INDEX(CARDS!$I$5:$I$34,MATCH($D21,CARDS!$A$5:$A$34,0)),DAY(EOMONTH($AD21,0)))),DATE(YEAR($AD21),MONTH($AD21)+1,MIN(INDEX(CARDS!$I$5:$I$34,MATCH($D21,CARDS!$A$5:$A$34,0)),DAY(EOMONTH($AD21,1)))))),"")) -> 46341 | U21: Posted | V21: SAMPLE DATA — có thể xóa — bị giới hạn bởi cap THẺ 1tr/tháng (còn 50k) | X21: Chưa thanh toán | Y21: =IF($AC21>0,INDEX(CASHBACK_RULES!$A$5:$A$304,$AC21),"") -> R009 | Z21: =IF($AC21>0,INDEX(CASHBACK_RULES!$E$5:$E$304,$AC21)&"","") -> Group 3 | AA21: =IF($AC21>0,IF(ISNUMBER(INDEX(CASHBACK_RULES!$K$5:$K$304,$AC21)),INDEX(CASHBACK_RULES!$K$5:$K$304,$AC21),"∞"),"") -> 1000000 | AB21: =IF(OR($B21="",$D21=""),"",IF($U21="Cancelled","Đã hủy",IF($AC21=0,"Không được hoàn",IF($Q21=0,IF(OR($O21>0,$M21<$L21),"Đã đạt cap","Không được hoàn"),IF(OR($Q21<$O21,$M21<$L21),"Hoàn một phần","Được hoàn"))))) -> Hoàn một phần | AC21: =IF(OR($B21="",$D21="",$I21="",$L21=""),0,IF($U21="Cancelled",0,IF($W21<>"",IFERROR(IF(INDEX(CASHBACK_RULES!$B$5:$B$304,MATCH($W21,CASHBACK_RULES!$A$5:$A$304,0))=$D21,MATCH($W21,CASHBACK_RULES!$A$5:$A$304,0),0),0),IFERROR(MATCH(1,INDEX((CASHBACK_RULES!$B$5:$B$304=$D21)*(CASHBACK_RULES!$G$5:$G$304=$I21)*(((CASHBACK_RULES!$N$5:$N$304="")+(CASHBACK_RULES!$N$5:$N$304<=$B21))>0)*(((CASHBACK_RULES!$O$5:$O$304="")+(CASHBACK_RULES!$O$5:$O$304>=$B21))>0)*(((CASHBACK_RULES!$M$5:$M$304="")+(CASHBACK_RULES!$M$5:$M$304<=$L21))>0),0),0),0)))) -> 9 | AD21: =IF(OR($B21="",$D21=""),"",IFERROR(IF(INDEX(CARDS!$H$5:$H$34,MATCH($D21,CARDS!$A$5:$A$34,0))="","",IF(DAY($B21)<=INDEX(CARDS!$H$5:$H$34,MATCH($D21,CARDS!$A$5:$A$34,0)),DATE(YEAR($B21),MONTH($B21),MIN(INDEX(CARDS!$H$5:$H$34,MATCH($D21,CARDS!$A$5:$A$34,0)),DAY(EOMONTH($B21,0)))),DATE(YEAR($B21),MONTH($B21)+1,MIN(INDEX(CARDS!$H$5:$H$34,MATCH($D21,CARDS!$A$5:$A$34,0)),DAY(EOMONTH($B21,1)))))),"")) -> 46320 | AE21: =IF($C21="","",$C21&"|"&COUNTIF($C$5:$C21,$C21)) -> 202610|11 | AF21: =IF($AC21>0,SUMIFS(Q$4:Q20,$D$4:$D20,$D21,$Z$4:$Z20,$Z21,$C$4:$C20,$C21),0) -> 0 | AG21: =IF($AC21>0,SUMIFS(Q$4:Q20,$D$4:$D20,$D21,$C$4:$C20,$C21),0) -> 950000 | AH21: =IF($AC21>0,SUMIFS(M$4:M20,$D$4:$D20,$D21,$Z$4:$Z20,$Z21,$C$4:$C20,$C21),0) -> 0 | AI21: =IF(OR($C21="",$I21=""),0,IF(COUNTIFS($C$5:$C21,$C21,$I$5:$I21,$I21)=1,1,0)) -> 1 | AJ21: =IF($AI21=1,SUMIFS($AI$4:$AI20,$C$4:$C20,$C21)+1,"") -> 9 | AK21: =IF(OR($C21="",$K21=""),0,IF(COUNTIFS($C$5:$C21,$C21,$K$5:$K21,$K21)=1,1,0)) -> 1 | AL21: =IF($AK21=1,SUMIFS($AK$4:$AK20,$C$4:$C20,$C21)+1,"") -> 6 | AM21: =IF(OR($C21="",$G21=""),0,IF(COUNTIFS($C$5:$C21,$C21,$G$5:$G21,$G21)=1,1,0)) -> 1 | AN21: =IF($AM21=1,SUMIFS($AM$4:$AM20,$C$4:$C20,$C21)+1,"") -> 11
A22: =IF(OR($B22="",$D22=""),"","TX"&TEXT(ROW()-4,"0000")) -> TX0018 | B22: 46299 | C22: =IF($B22="","",YEAR($B22)*100+MONTH($B22)) -> 202610 | D22: VPB-JCBZ | E22: =IF($D22="","",IFERROR(INDEX(CARDS!$B$5:$B$34,MATCH($D22,CARDS!$A$5:$A$34,0)),"⚠ Card ID?")) -> VPBank | F22: =IF($D22="","",IFERROR(INDEX(CARDS!$C$5:$C$34,MATCH($D22,CARDS!$A$5:$A$34,0)),"⚠ Card ID?")) -> JCB Z Card | G22: GrabFood | H22: Giao đồ ăn | I22: 5814 | J22: =IF($I22="","",IFERROR(INDEX(MCC_MASTER!$B$5:$B$504,MATCH($I22,MCC_MASTER!$A$5:$A$504,0)),"⚠ MCC chưa có")) -> Fast Food Restaurants | K22: =IF($I22="","",IFERROR(IF(INDEX(MCC_MASTER!$C$5:$C$504,MATCH($I22,MCC_MASTER!$A$5:$A$504,0))="","Chưa phân loại",INDEX(MCC_MASTER!$C$5:$C$504,MATCH($I22,MCC_MASTER!$A$5:$A$504,0))),"Chưa phân loại")) -> Dining | L22: 500000 | M22: =IF(OR($B22="",$D22=""),"",IF($AC22=0,0,IF(ISNUMBER(INDEX(CASHBACK_RULES!$L$5:$L$304,$AC22)),MAX(0,MIN($L22,INDEX(CASHBACK_RULES!$L$5:$L$304,$AC22)-$AH22)),MAX(0,$L22)))) -> 500000 | N22: =IF(OR($B22="",$D22=""),"",IF($AC22>0,INDEX(CASHBACK_RULES!$I$5:$I$304,$AC22),0)) -> 0.15 | O22: =IF(OR($B22="",$D22=""),"",ROUND($M22*$N22,0)) -> 75000 | P22: =IF($AC22>0,IF(ISNUMBER(INDEX(CASHBACK_RULES!$J$5:$J$304,$AC22)),INDEX(CASHBACK_RULES!$J$5:$J$304,$AC22),"∞"),"") -> 500000 | Q22: =IF(OR($B22="",$D22=""),"",IF($AC22=0,0,MAX(0,MIN($O22,IF(ISNUMBER($P22),$P22-$AF22,1E+15),IF(ISNUMBER($AA22),$AA22-$AG22,1E+15))))) -> 0 | R22: =IF(OR($B22="",$D22=""),"",IF($AC22=0,"",IF(AND(NOT(ISNUMBER($P22)),NOT(ISNUMBER($AA22))),"∞",MAX(0,MIN(IF(ISNUMBER($P22),$P22-$AF22-$Q22,1E+15),IF(ISNUMBER($AA22),$AA22-$AG22-$Q22,1E+15)))))) -> 0 | S22: =IF($AD22="","",YEAR($AD22)*100+MONTH($AD22)) -> 202610 | T22: =IF($AD22="","",IFERROR(IF(INDEX(CARDS!$I$5:$I$34,MATCH($D22,CARDS!$A$5:$A$34,0))="","",IF(INDEX(CARDS!$I$5:$I$34,MATCH($D22,CARDS!$A$5:$A$34,0))>INDEX(CARDS!$H$5:$H$34,MATCH($D22,CARDS!$A$5:$A$34,0)),DATE(YEAR($AD22),MONTH($AD22),MIN(INDEX(CARDS!$I$5:$I$34,MATCH($D22,CARDS!$A$5:$A$34,0)),DAY(EOMONTH($AD22,0)))),DATE(YEAR($AD22),MONTH($AD22)+1,MIN(INDEX(CARDS!$I$5:$I$34,MATCH($D22,CARDS!$A$5:$A$34,0)),DAY(EOMONTH($AD22,1)))))),"")) -> 46341 | U22: Posted | V22: SAMPLE DATA — có thể xóa — ép vào Nhóm 3 (Rule R010); cap thẻ đã hết | W22: R010 | X22: Chưa thanh toán | Y22: =IF($AC22>0,INDEX(CASHBACK_RULES!$A$5:$A$304,$AC22),"") -> R010 | Z22: =IF($AC22>0,INDEX(CASHBACK_RULES!$E$5:$E$304,$AC22)&"","") -> Group 3 | AA22: =IF($AC22>0,IF(ISNUMBER(INDEX(CASHBACK_RULES!$K$5:$K$304,$AC22)),INDEX(CASHBACK_RULES!$K$5:$K$304,$AC22),"∞"),"") -> 1000000 | AB22: =IF(OR($B22="",$D22=""),"",IF($U22="Cancelled","Đã hủy",IF($AC22=0,"Không được hoàn",IF($Q22=0,IF(OR($O22>0,$M22<$L22),"Đã đạt cap","Không được hoàn"),IF(OR($Q22<$O22,$M22<$L22),"Hoàn một phần","Được hoàn"))))) -> Đã đạt cap | AC22: =IF(OR($B22="",$D22="",$I22="",$L22=""),0,IF($U22="Cancelled",0,IF($W22<>"",IFERROR(IF(INDEX(CASHBACK_RULES!$B$5:$B$304,MATCH($W22,CASHBACK_RULES!$A$5:$A$304,0))=$D22,MATCH($W22,CASHBACK_RULES!$A$5:$A$304,0),0),0),IFERROR(MATCH(1,INDEX((CASHBACK_RULES!$B$5:$B$304=$D22)*(CASHBACK_RULES!$G$5:$G$304=$I22)*(((CASHBACK_RULES!$N$5:$N$304="")+(CASHBACK_RULES!$N$5:$N$304<=$B22))>0)*(((CASHBACK_RULES!$O$5:$O$304="")+(CASHBACK_RULES!$O$5:$O$304>=$B22))>0)*(((CASHBACK_RULES!$M$5:$M$304="")+(CASHBACK_RULES!$M$5:$M$304<=$L22))>0),0),0),0)))) -> 10 | AD22: =IF(OR($B22="",$D22=""),"",IFERROR(IF(INDEX(CARDS!$H$5:$H$34,MATCH($D22,CARDS!$A$5:$A$34,0))="","",IF(DAY($B22)<=INDEX(CARDS!$H$5:$H$34,MATCH($D22,CARDS!$A$5:$A$34,0)),DATE(YEAR($B22),MONTH($B22),MIN(INDEX(CARDS!$H$5:$H$34,MATCH($D22,CARDS!$A$5:$A$34,0)),DAY(EOMONTH($B22,0)))),DATE(YEAR($B22),MONTH($B22)+1,MIN(INDEX(CARDS!$H$5:$H$34,MATCH($D22,CARDS!$A$5:$A$34,0)),DAY(EOMONTH($B22,1)))))),"")) -> 46320 | AE22: =IF($C22="","",$C22&"|"&COUNTIF($C$5:$C22,$C22)) -> 202610|12 | AF22: =IF($AC22>0,SUMIFS(Q$4:Q21,$D$4:$D21,$D22,$Z$4:$Z21,$Z22,$C$4:$C21,$C22),0) -> 50000 | AG22: =IF($AC22>0,SUMIFS(Q$4:Q21,$D$4:$D21,$D22,$C$4:$C21,$C22),0) -> 1000000 | AH22: =IF($AC22>0,SUMIFS(M$4:M21,$D$4:$D21,$D22,$Z$4:$Z21,$Z22,$C$4:$C21,$C22),0) -> 1000000 | AI22: =IF(OR($C22="",$I22=""),0,IF(COUNTIFS($C$5:$C22,$C22,$I$5:$I22,$I22)=1,1,0)) -> 1 | AJ22: =IF($AI22=1,SUMIFS($AI$4:$AI21,$C$4:$C21,$C22)+1,"") -> 10 | AK22: =IF(OR($C22="",$K22=""),0,IF(COUNTIFS($C$5:$C22,$C22,$K$5:$K22,$K22)=1,1,0)) -> 0 | AL22: =IF($AK22=1,SUMIFS($AK$4:$AK21,$C$4:$C21,$C22)+1,"") | AM22: =IF(OR($C22="",$G22=""),0,IF(COUNTIFS($C$5:$C22,$C22,$G$5:$G22,$G22)=1,1,0)) -> 1 | AN22: =IF($AM22=1,SUMIFS($AM$4:$AM21,$C$4:$C21,$C22)+1,"") -> 12
A23: =IF(OR($B23="",$D23=""),"","TX"&TEXT(ROW()-4,"0000")) -> TX0019 | B23: 46299 | C23: =IF($B23="","",YEAR($B23)*100+MONTH($B23)) -> 202610 | D23: VIB-A | E23: =IF($D23="","",IFERROR(INDEX(CARDS!$B$5:$B$34,MATCH($D23,CARDS!$A$5:$A$34,0)),"⚠ Card ID?")) -> VIB | F23: =IF($D23="","",IFERROR(INDEX(CARDS!$C$5:$C$34,MATCH($D23,CARDS!$A$5:$A$34,0)),"⚠ Card ID?")) -> Cashback Demo A | G23: WinMart | H23: Siêu thị | I23: 5411 | J23: =IF($I23="","",IFERROR(INDEX(MCC_MASTER!$B$5:$B$504,MATCH($I23,MCC_MASTER!$A$5:$A$504,0)),"⚠ MCC chưa có")) -> Grocery Stores / Supermarkets | K23: =IF($I23="","",IFERROR(IF(INDEX(MCC_MASTER!$C$5:$C$504,MATCH($I23,MCC_MASTER!$A$5:$A$504,0))="","Chưa phân loại",INDEX(MCC_MASTER!$C$5:$C$504,MATCH($I23,MCC_MASTER!$A$5:$A$504,0))),"Chưa phân loại")) -> Groceries | L23: 1000000 | M23: =IF(OR($B23="",$D23=""),"",IF($AC23=0,0,IF(ISNUMBER(INDEX(CASHBACK_RULES!$L$5:$L$304,$AC23)),MAX(0,MIN($L23,INDEX(CASHBACK_RULES!$L$5:$L$304,$AC23)-$AH23)),MAX(0,$L23)))) -> 1000000 | N23: =IF(OR($B23="",$D23=""),"",IF($AC23>0,INDEX(CASHBACK_RULES!$I$5:$I$304,$AC23),0)) -> 0.1 | O23: =IF(OR($B23="",$D23=""),"",ROUND($M23*$N23,0)) -> 100000 | P23: =IF($AC23>0,IF(ISNUMBER(INDEX(CASHBACK_RULES!$J$5:$J$304,$AC23)),INDEX(CASHBACK_RULES!$J$5:$J$304,$AC23),"∞"),"") -> 500000 | Q23: =IF(OR($B23="",$D23=""),"",IF($AC23=0,0,MAX(0,MIN($O23,IF(ISNUMBER($P23),$P23-$AF23,1E+15),IF(ISNUMBER($AA23),$AA23-$AG23,1E+15))))) -> 50000 | R23: =IF(OR($B23="",$D23=""),"",IF($AC23=0,"",IF(AND(NOT(ISNUMBER($P23)),NOT(ISNUMBER($AA23))),"∞",MAX(0,MIN(IF(ISNUMBER($P23),$P23-$AF23-$Q23,1E+15),IF(ISNUMBER($AA23),$AA23-$AG23-$Q23,1E+15)))))) -> 0 | S23: =IF($AD23="","",YEAR($AD23)*100+MONTH($AD23)) -> 202610 | T23: =IF($AD23="","",IFERROR(IF(INDEX(CARDS!$I$5:$I$34,MATCH($D23,CARDS!$A$5:$A$34,0))="","",IF(INDEX(CARDS!$I$5:$I$34,MATCH($D23,CARDS!$A$5:$A$34,0))>INDEX(CARDS!$H$5:$H$34,MATCH($D23,CARDS!$A$5:$A$34,0)),DATE(YEAR($AD23),MONTH($AD23),MIN(INDEX(CARDS!$I$5:$I$34,MATCH($D23,CARDS!$A$5:$A$34,0)),DAY(EOMONTH($AD23,0)))),DATE(YEAR($AD23),MONTH($AD23)+1,MIN(INDEX(CARDS!$I$5:$I$34,MATCH($D23,CARDS!$A$5:$A$34,0)),DAY(EOMONTH($AD23,1)))))),"")) -> 46320 | U23: Posted | V23: SAMPLE DATA — có thể xóa — nhóm đã 450k → chỉ còn 50k | X23: Chưa thanh toán | Y23: =IF($AC23>0,INDEX(CASHBACK_RULES!$A$5:$A$304,$AC23),"") -> R011 | Z23: =IF($AC23>0,INDEX(CASHBACK_RULES!$E$5:$E$304,$AC23)&"","") -> Group 1 | AA23: =IF($AC23>0,IF(ISNUMBER(INDEX(CASHBACK_RULES!$K$5:$K$304,$AC23)),INDEX(CASHBACK_RULES!$K$5:$K$304,$AC23),"∞"),"") -> 1000000 | AB23: =IF(OR($B23="",$D23=""),"",IF($U23="Cancelled","Đã hủy",IF($AC23=0,"Không được hoàn",IF($Q23=0,IF(OR($O23>0,$M23<$L23),"Đã đạt cap","Không được hoàn"),IF(OR($Q23<$O23,$M23<$L23),"Hoàn một phần","Được hoàn"))))) -> Hoàn một phần | AC23: =IF(OR($B23="",$D23="",$I23="",$L23=""),0,IF($U23="Cancelled",0,IF($W23<>"",IFERROR(IF(INDEX(CASHBACK_RULES!$B$5:$B$304,MATCH($W23,CASHBACK_RULES!$A$5:$A$304,0))=$D23,MATCH($W23,CASHBACK_RULES!$A$5:$A$304,0),0),0),IFERROR(MATCH(1,INDEX((CASHBACK_RULES!$B$5:$B$304=$D23)*(CASHBACK_RULES!$G$5:$G$304=$I23)*(((CASHBACK_RULES!$N$5:$N$304="")+(CASHBACK_RULES!$N$5:$N$304<=$B23))>0)*(((CASHBACK_RULES!$O$5:$O$304="")+(CASHBACK_RULES!$O$5:$O$304>=$B23))>0)*(((CASHBACK_RULES!$M$5:$M$304="")+(CASHBACK_RULES!$M$5:$M$304<=$L23))>0),0),0),0)))) -> 11 | AD23: =IF(OR($B23="",$D23=""),"",IFERROR(IF(INDEX(CARDS!$H$5:$H$34,MATCH($D23,CARDS!$A$5:$A$34,0))="","",IF(DAY($B23)<=INDEX(CARDS!$H$5:$H$34,MATCH($D23,CARDS!$A$5:$A$34,0)),DATE(YEAR($B23),MONTH($B23),MIN(INDEX(CARDS!$H$5:$H$34,MATCH($D23,CARDS!$A$5:$A$34,0)),DAY(EOMONTH($B23,0)))),DATE(YEAR($B23),MONTH($B23)+1,MIN(INDEX(CARDS!$H$5:$H$34,MATCH($D23,CARDS!$A$5:$A$34,0)),DAY(EOMONTH($B23,1)))))),"")) -> 46300 | AE23: =IF($C23="","",$C23&"|"&COUNTIF($C$5:$C23,$C23)) -> 202610|13 | AF23: =IF($AC23>0,SUMIFS(Q$4:Q22,$D$4:$D22,$D23,$Z$4:$Z22,$Z23,$C$4:$C22,$C23),0) -> 450000 | AG23: =IF($AC23>0,SUMIFS(Q$4:Q22,$D$4:$D22,$D23,$C$4:$C22,$C23),0) -> 950000 | AH23: =IF($AC23>0,SUMIFS(M$4:M22,$D$4:$D22,$D23,$Z$4:$Z22,$Z23,$C$4:$C22,$C23),0) -> 4500000 | AI23: =IF(OR($C23="",$I23=""),0,IF(COUNTIFS($C$5:$C23,$C23,$I$5:$I23,$I23)=1,1,0)) -> 0 | AJ23: =IF($AI23=1,SUMIFS($AI$4:$AI22,$C$4:$C22,$C23)+1,"") | AK23: =IF(OR($C23="",$K23=""),0,IF(COUNTIFS($C$5:$C23,$C23,$K$5:$K23,$K23)=1,1,0)) -> 0 | AL23: =IF($AK23=1,SUMIFS($AK$4:$AK22,$C$4:$C22,$C23)+1,"") | AM23: =IF(OR($C23="",$G23=""),0,IF(COUNTIFS($C$5:$C23,$C23,$G$5:$G23,$G23)=1,1,0)) -> 0 | AN23: =IF($AM23=1,SUMIFS($AM$4:$AM22,$C$4:$C22,$C23)+1,"")
A24: =IF(OR($B24="",$D24=""),"","TX"&TEXT(ROW()-4,"0000")) -> TX0020 | B24: 46299 | C24: =IF($B24="","",YEAR($B24)*100+MONTH($B24)) -> 202610 | D24: UOB-C | E24: =IF($D24="","",IFERROR(INDEX(CARDS!$B$5:$B$34,MATCH($D24,CARDS!$A$5:$A$34,0)),"⚠ Card ID?")) -> UOB | F24: =IF($D24="","",IFERROR(INDEX(CARDS!$C$5:$C$34,MATCH($D24,CARDS!$A$5:$A$34,0)),"⚠ Card ID?")) -> Cashback Demo C | G24: KFC | H24: Ăn nhanh | I24: 5814 | J24: =IF($I24="","",IFERROR(INDEX(MCC_MASTER!$B$5:$B$504,MATCH($I24,MCC_MASTER!$A$5:$A$504,0)),"⚠ MCC chưa có")) -> Fast Food Restaurants | K24: =IF($I24="","",IFERROR(IF(INDEX(MCC_MASTER!$C$5:$C$504,MATCH($I24,MCC_MASTER!$A$5:$A$504,0))="","Chưa phân loại",INDEX(MCC_MASTER!$C$5:$C$504,MATCH($I24,MCC_MASTER!$A$5:$A$504,0))),"Chưa phân loại")) -> Dining | L24: 3000000 | M24: =IF(OR($B24="",$D24=""),"",IF($AC24=0,0,IF(ISNUMBER(INDEX(CASHBACK_RULES!$L$5:$L$304,$AC24)),MAX(0,MIN($L24,INDEX(CASHBACK_RULES!$L$5:$L$304,$AC24)-$AH24)),MAX(0,$L24)))) -> 3000000 | N24: =IF(OR($B24="",$D24=""),"",IF($AC24>0,INDEX(CASHBACK_RULES!$I$5:$I$304,$AC24),0)) -> 0.15 | O24: =IF(OR($B24="",$D24=""),"",ROUND($M24*$N24,0)) -> 450000 | P24: =IF($AC24>0,IF(ISNUMBER(INDEX(CASHBACK_RULES!$J$5:$J$304,$AC24)),INDEX(CASHBACK_RULES!$J$5:$J$304,$AC24),"∞"),"") -> 1000000 | Q24: =IF(OR($B24="",$D24=""),"",IF($AC24=0,0,MAX(0,MIN($O24,IF(ISNUMBER($P24),$P24-$AF24,1E+15),IF(ISNUMBER($AA24),$AA24-$AG24,1E+15))))) -> 400000 | R24: =IF(OR($B24="",$D24=""),"",IF($AC24=0,"",IF(AND(NOT(ISNUMBER($P24)),NOT(ISNUMBER($AA24))),"∞",MAX(0,MIN(IF(ISNUMBER($P24),$P24-$AF24-$Q24,1E+15),IF(ISNUMBER($AA24),$AA24-$AG24-$Q24,1E+15)))))) -> 0 | S24: =IF($AD24="","",YEAR($AD24)*100+MONTH($AD24)) -> 202610 | T24: =IF($AD24="","",IFERROR(IF(INDEX(CARDS!$I$5:$I$34,MATCH($D24,CARDS!$A$5:$A$34,0))="","",IF(INDEX(CARDS!$I$5:$I$34,MATCH($D24,CARDS!$A$5:$A$34,0))>INDEX(CARDS!$H$5:$H$34,MATCH($D24,CARDS!$A$5:$A$34,0)),DATE(YEAR($AD24),MONTH($AD24),MIN(INDEX(CARDS!$I$5:$I$34,MATCH($D24,CARDS!$A$5:$A$34,0)),DAY(EOMONTH($AD24,0)))),DATE(YEAR($AD24),MONTH($AD24)+1,MIN(INDEX(CARDS!$I$5:$I$34,MATCH($D24,CARDS!$A$5:$A$34,0)),DAY(EOMONTH($AD24,1)))))),"")) -> 46323 | U24: Posted | V24: SAMPLE DATA — có thể xóa — hoàn một phần do cap nhóm 1tr | X24: Chưa thanh toán | Y24: =IF($AC24>0,INDEX(CASHBACK_RULES!$A$5:$A$304,$AC24),"") -> R023 | Z24: =IF($AC24>0,INDEX(CASHBACK_RULES!$E$5:$E$304,$AC24)&"","") -> Group 1 | AA24: =IF($AC24>0,IF(ISNUMBER(INDEX(CASHBACK_RULES!$K$5:$K$304,$AC24)),INDEX(CASHBACK_RULES!$K$5:$K$304,$AC24),"∞"),"") -> ∞ | AB24: =IF(OR($B24="",$D24=""),"",IF($U24="Cancelled","Đã hủy",IF($AC24=0,"Không được hoàn",IF($Q24=0,IF(OR($O24>0,$M24<$L24),"Đã đạt cap","Không được hoàn"),IF(OR($Q24<$O24,$M24<$L24),"Hoàn một phần","Được hoàn"))))) -> Hoàn một phần | AC24: =IF(OR($B24="",$D24="",$I24="",$L24=""),0,IF($U24="Cancelled",0,IF($W24<>"",IFERROR(IF(INDEX(CASHBACK_RULES!$B$5:$B$304,MATCH($W24,CASHBACK_RULES!$A$5:$A$304,0))=$D24,MATCH($W24,CASHBACK_RULES!$A$5:$A$304,0),0),0),IFERROR(MATCH(1,INDEX((CASHBACK_RULES!$B$5:$B$304=$D24)*(CASHBACK_RULES!$G$5:$G$304=$I24)*(((CASHBACK_RULES!$N$5:$N$304="")+(CASHBACK_RULES!$N$5:$N$304<=$B24))>0)*(((CASHBACK_RULES!$O$5:$O$304="")+(CASHBACK_RULES!$O$5:$O$304>=$B24))>0)*(((CASHBACK_RULES!$M$5:$M$304="")+(CASHBACK_RULES!$M$5:$M$304<=$L24))>0),0),0),0)))) -> 23 | AD24: =IF(OR($B24="",$D24=""),"",IFERROR(IF(INDEX(CARDS!$H$5:$H$34,MATCH($D24,CARDS!$A$5:$A$34,0))="","",IF(DAY($B24)<=INDEX(CARDS!$H$5:$H$34,MATCH($D24,CARDS!$A$5:$A$34,0)),DATE(YEAR($B24),MONTH($B24),MIN(INDEX(CARDS!$H$5:$H$34,MATCH($D24,CARDS!$A$5:$A$34,0)),DAY(EOMONTH($B24,0)))),DATE(YEAR($B24),MONTH($B24)+1,MIN(INDEX(CARDS!$H$5:$H$34,MATCH($D24,CARDS!$A$5:$A$34,0)),DAY(EOMONTH($B24,1)))))),"")) -> 46305 | AE24: =IF($C24="","",$C24&"|"&COUNTIF($C$5:$C24,$C24)) -> 202610|14 | AF24: =IF($AC24>0,SUMIFS(Q$4:Q23,$D$4:$D23,$D24,$Z$4:$Z23,$Z24,$C$4:$C23,$C24),0) -> 600000 | AG24: =IF($AC24>0,SUMIFS(Q$4:Q23,$D$4:$D23,$D24,$C$4:$C23,$C24),0) -> 600000 | AH24: =IF($AC24>0,SUMIFS(M$4:M23,$D$4:$D23,$D24,$Z$4:$Z23,$Z24,$C$4:$C23,$C24),0) -> 4000000 | AI24: =IF(OR($C24="",$I24=""),0,IF(COUNTIFS($C$5:$C24,$C24,$I$5:$I24,$I24)=1,1,0)) -> 0 | AJ24: =IF($AI24=1,SUMIFS($AI$4:$AI23,$C$4:$C23,$C24)+1,"") | AK24: =IF(OR($C24="",$K24=""),0,IF(COUNTIFS($C$5:$C24,$C24,$K$5:$K24,$K24)=1,1,0)) -> 0 | AL24: =IF($AK24=1,SUMIFS($AK$4:$AK23,$C$4:$C23,$C24)+1,"") | AM24: =IF(OR($C24="",$G24=""),0,IF(COUNTIFS($C$5:$C24,$C24,$G$5:$G24,$G24)=1,1,0)) -> 1 | AN24: =IF($AM24=1,SUMIFS($AM$4:$AM23,$C$4:$C23,$C24)+1,"") -> 13
A25: =IF(OR($B25="",$D25=""),"","TX"&TEXT(ROW()-4,"0000")) -> TX0021 | B25: 46299 | C25: =IF($B25="","",YEAR($B25)*100+MONTH($B25)) -> 202610 | D25: UOB-C | E25: =IF($D25="","",IFERROR(INDEX(CARDS!$B$5:$B$34,MATCH($D25,CARDS!$A$5:$A$34,0)),"⚠ Card ID?")) -> UOB | F25: =IF($D25="","",IFERROR(INDEX(CARDS!$C$5:$C$34,MATCH($D25,CARDS!$A$5:$A$34,0)),"⚠ Card ID?")) -> Cashback Demo C | G25: Nhà hàng Hoàng Yến | H25: Hủy | I25: 5812 | J25: =IF($I25="","",IFERROR(INDEX(MCC_MASTER!$B$5:$B$504,MATCH($I25,MCC_MASTER!$A$5:$A$504,0)),"⚠ MCC chưa có")) -> Eating Places / Restaurants | K25: =IF($I25="","",IFERROR(IF(INDEX(MCC_MASTER!$C$5:$C$504,MATCH($I25,MCC_MASTER!$A$5:$A$504,0))="","Chưa phân loại",INDEX(MCC_MASTER!$C$5:$C$504,MATCH($I25,MCC_MASTER!$A$5:$A$504,0))),"Chưa phân loại")) -> Dining | L25: 500000 | M25: =IF(OR($B25="",$D25=""),"",IF($AC25=0,0,IF(ISNUMBER(INDEX(CASHBACK_RULES!$L$5:$L$304,$AC25)),MAX(0,MIN($L25,INDEX(CASHBACK_RULES!$L$5:$L$304,$AC25)-$AH25)),MAX(0,$L25)))) -> 0 | N25: =IF(OR($B25="",$D25=""),"",IF($AC25>0,INDEX(CASHBACK_RULES!$I$5:$I$304,$AC25),0)) -> 0 | O25: =IF(OR($B25="",$D25=""),"",ROUND($M25*$N25,0)) -> 0 | P25: =IF($AC25>0,IF(ISNUMBER(INDEX(CASHBACK_RULES!$J$5:$J$304,$AC25)),INDEX(CASHBACK_RULES!$J$5:$J$304,$AC25),"∞"),"") | Q25: =IF(OR($B25="",$D25=""),"",IF($AC25=0,0,MAX(0,MIN($O25,IF(ISNUMBER($P25),$P25-$AF25,1E+15),IF(ISNUMBER($AA25),$AA25-$AG25,1E+15))))) -> 0 | R25: =IF(OR($B25="",$D25=""),"",IF($AC25=0,"",IF(AND(NOT(ISNUMBER($P25)),NOT(ISNUMBER($AA25))),"∞",MAX(0,MIN(IF(ISNUMBER($P25),$P25-$AF25-$Q25,1E+15),IF(ISNUMBER($AA25),$AA25-$AG25-$Q25,1E+15)))))) | S25: =IF($AD25="","",YEAR($AD25)*100+MONTH($AD25)) -> 202610 | T25: =IF($AD25="","",IFERROR(IF(INDEX(CARDS!$I$5:$I$34,MATCH($D25,CARDS!$A$5:$A$34,0))="","",IF(INDEX(CARDS!$I$5:$I$34,MATCH($D25,CARDS!$A$5:$A$34,0))>INDEX(CARDS!$H$5:$H$34,MATCH($D25,CARDS!$A$5:$A$34,0)),DATE(YEAR($AD25),MONTH($AD25),MIN(INDEX(CARDS!$I$5:$I$34,MATCH($D25,CARDS!$A$5:$A$34,0)),DAY(EOMONTH($AD25,0)))),DATE(YEAR($AD25),MONTH($AD25)+1,MIN(INDEX(CARDS!$I$5:$I$34,MATCH($D25,CARDS!$A$5:$A$34,0)),DAY(EOMONTH($AD25,1)))))),"")) -> 46323 | U25: Cancelled | V25: SAMPLE DATA — có thể xóa — giao dịch hủy | X25: Chưa thanh toán | Y25: =IF($AC25>0,INDEX(CASHBACK_RULES!$A$5:$A$304,$AC25),"") | Z25: =IF($AC25>0,INDEX(CASHBACK_RULES!$E$5:$E$304,$AC25)&"","") | AA25: =IF($AC25>0,IF(ISNUMBER(INDEX(CASHBACK_RULES!$K$5:$K$304,$AC25)),INDEX(CASHBACK_RULES!$K$5:$K$304,$AC25),"∞"),"") | AB25: =IF(OR($B25="",$D25=""),"",IF($U25="Cancelled","Đã hủy",IF($AC25=0,"Không được hoàn",IF($Q25=0,IF(OR($O25>0,$M25<$L25),"Đã đạt cap","Không được hoàn"),IF(OR($Q25<$O25,$M25<$L25),"Hoàn một phần","Được hoàn"))))) -> Đã hủy | AC25: =IF(OR($B25="",$D25="",$I25="",$L25=""),0,IF($U25="Cancelled",0,IF($W25<>"",IFERROR(IF(INDEX(CASHBACK_RULES!$B$5:$B$304,MATCH($W25,CASHBACK_RULES!$A$5:$A$304,0))=$D25,MATCH($W25,CASHBACK_RULES!$A$5:$A$304,0),0),0),IFERROR(MATCH(1,INDEX((CASHBACK_RULES!$B$5:$B$304=$D25)*(CASHBACK_RULES!$G$5:$G$304=$I25)*(((CASHBACK_RULES!$N$5:$N$304="")+(CASHBACK_RULES!$N$5:$N$304<=$B25))>0)*(((CASHBACK_RULES!$O$5:$O$304="")+(CASHBACK_RULES!$O$5:$O$304>=$B25))>0)*(((CASHBACK_RULES!$M$5:$M$304="")+(CASHBACK_RULES!$M$5:$M$304<=$L25))>0),0),0),0)))) -> 0 | AD25: =IF(OR($B25="",$D25=""),"",IFERROR(IF(INDEX(CARDS!$H$5:$H$34,MATCH($D25,CARDS!$A$5:$A$34,0))="","",IF(DAY($B25)<=INDEX(CARDS!$H$5:$H$34,MATCH($D25,CARDS!$A$5:$A$34,0)),DATE(YEAR($B25),MONTH($B25),MIN(INDEX(CARDS!$H$5:$H$34,MATCH($D25,CARDS!$A$5:$A$34,0)),DAY(EOMONTH($B25,0)))),DATE(YEAR($B25),MONTH($B25)+1,MIN(INDEX(CARDS!$H$5:$H$34,MATCH($D25,CARDS!$A$5:$A$34,0)),DAY(EOMONTH($B25,1)))))),"")) -> 46305 | AE25: =IF($C25="","",$C25&"|"&COUNTIF($C$5:$C25,$C25)) -> 202610|15 | AF25: =IF($AC25>0,SUMIFS(Q$4:Q24,$D$4:$D24,$D25,$Z$4:$Z24,$Z25,$C$4:$C24,$C25),0) -> 0 | AG25: =IF($AC25>0,SUMIFS(Q$4:Q24,$D$4:$D24,$D25,$C$4:$C24,$C25),0) -> 0 | AH25: =IF($AC25>0,SUMIFS(M$4:M24,$D$4:$D24,$D25,$Z$4:$Z24,$Z25,$C$4:$C24,$C25),0) -> 0 | AI25: =IF(OR($C25="",$I25=""),0,IF(COUNTIFS($C$5:$C25,$C25,$I$5:$I25,$I25)=1,1,0)) -> 0 | AJ25: =IF($AI25=1,SUMIFS($AI$4:$AI24,$C$4:$C24,$C25)+1,"") | AK25: =IF(OR($C25="",$K25=""),0,IF(COUNTIFS($C$5:$C25,$C25,$K$5:$K25,$K25)=1,1,0)) -> 0 | AL25: =IF($AK25=1,SUMIFS($AK$4:$AK24,$C$4:$C24,$C25)+1,"") | AM25: =IF(OR($C25="",$G25=""),0,IF(COUNTIFS($C$5:$C25,$C25,$G$5:$G25,$G25)=1,1,0)) -> 1 | AN25: =IF($AM25=1,SUMIFS($AM$4:$AM24,$C$4:$C24,$C25)+1,"") -> 14
A26: =IF(OR($B26="",$D26=""),"","TX"&TEXT(ROW()-4,"0000")) -> TX0022 | B26: 46300 | C26: =IF($B26="","",YEAR($B26)*100+MONTH($B26)) -> 202610 | D26: VPB-JCBZ | E26: =IF($D26="","",IFERROR(INDEX(CARDS!$B$5:$B$34,MATCH($D26,CARDS!$A$5:$A$34,0)),"⚠ Card ID?")) -> VPBank | F26: =IF($D26="","",IFERROR(INDEX(CARDS!$C$5:$C$34,MATCH($D26,CARDS!$A$5:$A$34,0)),"⚠ Card ID?")) -> JCB Z Card | G26: Quán Ăn Ngon | H26: Ăn trưa | I26: 5812 | J26: =IF($I26="","",IFERROR(INDEX(MCC_MASTER!$B$5:$B$504,MATCH($I26,MCC_MASTER!$A$5:$A$504,0)),"⚠ MCC chưa có")) -> Eating Places / Restaurants | K26: =IF($I26="","",IFERROR(IF(INDEX(MCC_MASTER!$C$5:$C$504,MATCH($I26,MCC_MASTER!$A$5:$A$504,0))="","Chưa phân loại",INDEX(MCC_MASTER!$C$5:$C$504,MATCH($I26,MCC_MASTER!$A$5:$A$504,0))),"Chưa phân loại")) -> Dining | L26: 300000 | M26: =IF(OR($B26="",$D26=""),"",IF($AC26=0,0,IF(ISNUMBER(INDEX(CASHBACK_RULES!$L$5:$L$304,$AC26)),MAX(0,MIN($L26,INDEX(CASHBACK_RULES!$L$5:$L$304,$AC26)-$AH26)),MAX(0,$L26)))) -> 300000 | N26: =IF(OR($B26="",$D26=""),"",IF($AC26>0,INDEX(CASHBACK_RULES!$I$5:$I$304,$AC26),0)) -> 0.15 | O26: =IF(OR($B26="",$D26=""),"",ROUND($M26*$N26,0)) -> 45000 | P26: =IF($AC26>0,IF(ISNUMBER(INDEX(CASHBACK_RULES!$J$5:$J$304,$AC26)),INDEX(CASHBACK_RULES!$J$5:$J$304,$AC26),"∞"),"") -> 500000 | Q26: =IF(OR($B26="",$D26=""),"",IF($AC26=0,0,MAX(0,MIN($O26,IF(ISNUMBER($P26),$P26-$AF26,1E+15),IF(ISNUMBER($AA26),$AA26-$AG26,1E+15))))) -> 0 | R26: =IF(OR($B26="",$D26=""),"",IF($AC26=0,"",IF(AND(NOT(ISNUMBER($P26)),NOT(ISNUMBER($AA26))),"∞",MAX(0,MIN(IF(ISNUMBER($P26),$P26-$AF26-$Q26,1E+15),IF(ISNUMBER($AA26),$AA26-$AG26-$Q26,1E+15)))))) -> 0 | S26: =IF($AD26="","",YEAR($AD26)*100+MONTH($AD26)) -> 202610 | T26: =IF($AD26="","",IFERROR(IF(INDEX(CARDS!$I$5:$I$34,MATCH($D26,CARDS!$A$5:$A$34,0))="","",IF(INDEX(CARDS!$I$5:$I$34,MATCH($D26,CARDS!$A$5:$A$34,0))>INDEX(CARDS!$H$5:$H$34,MATCH($D26,CARDS!$A$5:$A$34,0)),DATE(YEAR($AD26),MONTH($AD26),MIN(INDEX(CARDS!$I$5:$I$34,MATCH($D26,CARDS!$A$5:$A$34,0)),DAY(EOMONTH($AD26,0)))),DATE(YEAR($AD26),MONTH($AD26)+1,MIN(INDEX(CARDS!$I$5:$I$34,MATCH($D26,CARDS!$A$5:$A$34,0)),DAY(EOMONTH($AD26,1)))))),"")) -> 46341 | U26: Posted | V26: SAMPLE DATA — có thể xóa — cap thẻ đã đạt | X26: Chưa thanh toán | Y26: =IF($AC26>0,INDEX(CASHBACK_RULES!$A$5:$A$304,$AC26),"") -> R002 | Z26: =IF($AC26>0,INDEX(CASHBACK_RULES!$E$5:$E$304,$AC26)&"","") -> Group 1 | AA26: =IF($AC26>0,IF(ISNUMBER(INDEX(CASHBACK_RULES!$K$5:$K$304,$AC26)),INDEX(CASHBACK_RULES!$K$5:$K$304,$AC26),"∞"),"") -> 1000000 | AB26: =IF(OR($B26="",$D26=""),"",IF($U26="Cancelled","Đã hủy",IF($AC26=0,"Không được hoàn",IF($Q26=0,IF(OR($O26>0,$M26<$L26),"Đã đạt cap","Không được hoàn"),IF(OR($Q26<$O26,$M26<$L26),"Hoàn một phần","Được hoàn"))))) -> Đã đạt cap | AC26: =IF(OR($B26="",$D26="",$I26="",$L26=""),0,IF($U26="Cancelled",0,IF($W26<>"",IFERROR(IF(INDEX(CASHBACK_RULES!$B$5:$B$304,MATCH($W26,CASHBACK_RULES!$A$5:$A$304,0))=$D26,MATCH($W26,CASHBACK_RULES!$A$5:$A$304,0),0),0),IFERROR(MATCH(1,INDEX((CASHBACK_RULES!$B$5:$B$304=$D26)*(CASHBACK_RULES!$G$5:$G$304=$I26)*(((CASHBACK_RULES!$N$5:$N$304="")+(CASHBACK_RULES!$N$5:$N$304<=$B26))>0)*(((CASHBACK_RULES!$O$5:$O$304="")+(CASHBACK_RULES!$O$5:$O$304>=$B26))>0)*(((CASHBACK_RULES!$M$5:$M$304="")+(CASHBACK_RULES!$M$5:$M$304<=$L26))>0),0),0),0)))) -> 2 | AD26: =IF(OR($B26="",$D26=""),"",IFERROR(IF(INDEX(CARDS!$H$5:$H$34,MATCH($D26,CARDS!$A$5:$A$34,0))="","",IF(DAY($B26)<=INDEX(CARDS!$H$5:$H$34,MATCH($D26,CARDS!$A$5:$A$34,0)),DATE(YEAR($B26),MONTH($B26),MIN(INDEX(CARDS!$H$5:$H$34,MATCH($D26,CARDS!$A$5:$A$34,0)),DAY(EOMONTH($B26,0)))),DATE(YEAR($B26),MONTH($B26)+1,MIN(INDEX(CARDS!$H$5:$H$34,MATCH($D26,CARDS!$A$5:$A$34,0)),DAY(EOMONTH($B26,1)))))),"")) -> 46320 | AE26: =IF($C26="","",$C26&"|"&COUNTIF($C$5:$C26,$C26)) -> 202610|16 | AF26: =IF($AC26>0,SUMIFS(Q$4:Q25,$D$4:$D25,$D26,$Z$4:$Z25,$Z26,$C$4:$C25,$C26),0) -> 450000 | AG26: =IF($AC26>0,SUMIFS(Q$4:Q25,$D$4:$D25,$D26,$C$4:$C25,$C26),0) -> 1000000 | AH26: =IF($AC26>0,SUMIFS(M$4:M25,$D$4:$D25,$D26,$Z$4:$Z25,$Z26,$C$4:$C25,$C26),0) -> 3000000 | AI26: =IF(OR($C26="",$I26=""),0,IF(COUNTIFS($C$5:$C26,$C26,$I$5:$I26,$I26)=1,1,0)) -> 0 | AJ26: =IF($AI26=1,SUMIFS($AI$4:$AI25,$C$4:$C25,$C26)+1,"") | AK26: =IF(OR($C26="",$K26=""),0,IF(COUNTIFS($C$5:$C26,$C26,$K$5:$K26,$K26)=1,1,0)) -> 0 | AL26: =IF($AK26=1,SUMIFS($AK$4:$AK25,$C$4:$C25,$C26)+1,"") | AM26: =IF(OR($C26="",$G26=""),0,IF(COUNTIFS($C$5:$C26,$C26,$G$5:$G26,$G26)=1,1,0)) -> 1 | AN26: =IF($AM26=1,SUMIFS($AM$4:$AM25,$C$4:$C25,$C26)+1,"") -> 15
A27: =IF(OR($B27="",$D27=""),"","TX"&TEXT(ROW()-4,"0000")) -> TX0023 | B27: 46300 | C27: =IF($B27="","",YEAR($B27)*100+MONTH($B27)) -> 202610 | D27: TCB-B | E27: =IF($D27="","",IFERROR(INDEX(CARDS!$B$5:$B$34,MATCH($D27,CARDS!$A$5:$A$34,0)),"⚠ Card ID?")) -> Techcombank | F27: =IF($D27="","",IFERROR(INDEX(CARDS!$C$5:$C$34,MATCH($D27,CARDS!$A$5:$A$34,0)),"⚠ Card ID?")) -> Cashback Demo B | G27: Bệnh viện Vinmec | H27: Khám | I27: 8062 | J27: =IF($I27="","",IFERROR(INDEX(MCC_MASTER!$B$5:$B$504,MATCH($I27,MCC_MASTER!$A$5:$A$504,0)),"⚠ MCC chưa có")) -> Hospitals | K27: =IF($I27="","",IFERROR(IF(INDEX(MCC_MASTER!$C$5:$C$504,MATCH($I27,MCC_MASTER!$A$5:$A$504,0))="","Chưa phân loại",INDEX(MCC_MASTER!$C$5:$C$504,MATCH($I27,MCC_MASTER!$A$5:$A$504,0))),"Chưa phân loại")) -> Healthcare | L27: 1500000 | M27: =IF(OR($B27="",$D27=""),"",IF($AC27=0,0,IF(ISNUMBER(INDEX(CASHBACK_RULES!$L$5:$L$304,$AC27)),MAX(0,MIN($L27,INDEX(CASHBACK_RULES!$L$5:$L$304,$AC27)-$AH27)),MAX(0,$L27)))) -> 1500000 | N27: =IF(OR($B27="",$D27=""),"",IF($AC27>0,INDEX(CASHBACK_RULES!$I$5:$I$304,$AC27),0)) -> 0.05 | O27: =IF(OR($B27="",$D27=""),"",ROUND($M27*$N27,0)) -> 75000 | P27: =IF($AC27>0,IF(ISNUMBER(INDEX(CASHBACK_RULES!$J$5:$J$304,$AC27)),INDEX(CASHBACK_RULES!$J$5:$J$304,$AC27),"∞"),"") -> 300000 | Q27: =IF(OR($B27="",$D27=""),"",IF($AC27=0,0,MAX(0,MIN($O27,IF(ISNUMBER($P27),$P27-$AF27,1E+15),IF(ISNUMBER($AA27),$AA27-$AG27,1E+15))))) -> 75000 | R27: =IF(OR($B27="",$D27=""),"",IF($AC27=0,"",IF(AND(NOT(ISNUMBER($P27)),NOT(ISNUMBER($AA27))),"∞",MAX(0,MIN(IF(ISNUMBER($P27),$P27-$AF27-$Q27,1E+15),IF(ISNUMBER($AA27),$AA27-$AG27-$Q27,1E+15)))))) -> 225000 | S27: =IF($AD27="","",YEAR($AD27)*100+MONTH($AD27)) -> 202610 | T27: =IF($AD27="","",IFERROR(IF(INDEX(CARDS!$I$5:$I$34,MATCH($D27,CARDS!$A$5:$A$34,0))="","",IF(INDEX(CARDS!$I$5:$I$34,MATCH($D27,CARDS!$A$5:$A$34,0))>INDEX(CARDS!$H$5:$H$34,MATCH($D27,CARDS!$A$5:$A$34,0)),DATE(YEAR($AD27),MONTH($AD27),MIN(INDEX(CARDS!$I$5:$I$34,MATCH($D27,CARDS!$A$5:$A$34,0)),DAY(EOMONTH($AD27,0)))),DATE(YEAR($AD27),MONTH($AD27)+1,MIN(INDEX(CARDS!$I$5:$I$34,MATCH($D27,CARDS!$A$5:$A$34,0)),DAY(EOMONTH($AD27,1)))))),"")) -> 46336 | U27: Posted | V27: SAMPLE DATA — có thể xóa | X27: Chưa thanh toán | Y27: =IF($AC27>0,INDEX(CASHBACK_RULES!$A$5:$A$304,$AC27),"") -> R019 | Z27: =IF($AC27>0,INDEX(CASHBACK_RULES!$E$5:$E$304,$AC27)&"","") -> Group 2 | AA27: =IF($AC27>0,IF(ISNUMBER(INDEX(CASHBACK_RULES!$K$5:$K$304,$AC27)),INDEX(CASHBACK_RULES!$K$5:$K$304,$AC27),"∞"),"") -> 2000000 | AB27: =IF(OR($B27="",$D27=""),"",IF($U27="Cancelled","Đã hủy",IF($AC27=0,"Không được hoàn",IF($Q27=0,IF(OR($O27>0,$M27<$L27),"Đã đạt cap","Không được hoàn"),IF(OR($Q27<$O27,$M27<$L27),"Hoàn một phần","Được hoàn"))))) -> Được hoàn | AC27: =IF(OR($B27="",$D27="",$I27="",$L27=""),0,IF($U27="Cancelled",0,IF($W27<>"",IFERROR(IF(INDEX(CASHBACK_RULES!$B$5:$B$304,MATCH($W27,CASHBACK_RULES!$A$5:$A$304,0))=$D27,MATCH($W27,CASHBACK_RULES!$A$5:$A$304,0),0),0),IFERROR(MATCH(1,INDEX((CASHBACK_RULES!$B$5:$B$304=$D27)*(CASHBACK_RULES!$G$5:$G$304=$I27)*(((CASHBACK_RULES!$N$5:$N$304="")+(CASHBACK_RULES!$N$5:$N$304<=$B27))>0)*(((CASHBACK_RULES!$O$5:$O$304="")+(CASHBACK_RULES!$O$5:$O$304>=$B27))>0)*(((CASHBACK_RULES!$M$5:$M$304="")+(CASHBACK_RULES!$M$5:$M$304<=$L27))>0),0),0),0)))) -> 19 | AD27: =IF(OR($B27="",$D27=""),"",IFERROR(IF(INDEX(CARDS!$H$5:$H$34,MATCH($D27,CARDS!$A$5:$A$34,0))="","",IF(DAY($B27)<=INDEX(CARDS!$H$5:$H$34,MATCH($D27,CARDS!$A$5:$A$34,0)),DATE(YEAR($B27),MONTH($B27),MIN(INDEX(CARDS!$H$5:$H$34,MATCH($D27,CARDS!$A$5:$A$34,0)),DAY(EOMONTH($B27,0)))),DATE(YEAR($B27),MONTH($B27)+1,MIN(INDEX(CARDS!$H$5:$H$34,MATCH($D27,CARDS!$A$5:$A$34,0)),DAY(EOMONTH($B27,1)))))),"")) -> 46315 | AE27: =IF($C27="","",$C27&"|"&COUNTIF($C$5:$C27,$C27)) -> 202610|17 | AF27: =IF($AC27>0,SUMIFS(Q$4:Q26,$D$4:$D26,$D27,$Z$4:$Z26,$Z27,$C$4:$C26,$C27),0) -> 0 | AG27: =IF($AC27>0,SUMIFS(Q$4:Q26,$D$4:$D26,$D27,$C$4:$C26,$C27),0) -> 300000 | AH27: =IF($AC27>0,SUMIFS(M$4:M26,$D$4:$D26,$D27,$Z$4:$Z26,$Z27,$C$4:$C26,$C27),0) -> 0 | AI27: =IF(OR($C27="",$I27=""),0,IF(COUNTIFS($C$5:$C27,$C27,$I$5:$I27,$I27)=1,1,0)) -> 1 | AJ27: =IF($AI27=1,SUMIFS($AI$4:$AI26,$C$4:$C26,$C27)+1,"") -> 11 | AK27: =IF(OR($C27="",$K27=""),0,IF(COUNTIFS($C$5:$C27,$C27,$K$5:$K27,$K27)=1,1,0)) -> 1 | AL27: =IF($AK27=1,SUMIFS($AK$4:$AK26,$C$4:$C26,$C27)+1,"") -> 7 | AM27: =IF(OR($C27="",$G27=""),0,IF(COUNTIFS($C$5:$C27,$C27,$G$5:$G27,$G27)=1,1,0)) -> 1 | AN27: =IF($AM27=1,SUMIFS($AM$4:$AM26,$C$4:$C26,$C27)+1,"") -> 16
A28: =IF(OR($B28="",$D28=""),"","TX"&TEXT(ROW()-4,"0000")) -> TX0024 | B28: 46300 | C28: =IF($B28="","",YEAR($B28)*100+MONTH($B28)) -> 202610 | D28: TCB-B | E28: =IF($D28="","",IFERROR(INDEX(CARDS!$B$5:$B$34,MATCH($D28,CARDS!$A$5:$A$34,0)),"⚠ Card ID?")) -> Techcombank | F28: =IF($D28="","",IFERROR(INDEX(CARDS!$C$5:$C$34,MATCH($D28,CARDS!$A$5:$A$34,0)),"⚠ Card ID?")) -> Cashback Demo B | G28: Viettel | H28: Cước | I28: 4814 | J28: =IF($I28="","",IFERROR(INDEX(MCC_MASTER!$B$5:$B$504,MATCH($I28,MCC_MASTER!$A$5:$A$504,0)),"⚠ MCC chưa có")) -> Telecommunication Services | K28: =IF($I28="","",IFERROR(IF(INDEX(MCC_MASTER!$C$5:$C$504,MATCH($I28,MCC_MASTER!$A$5:$A$504,0))="","Chưa phân loại",INDEX(MCC_MASTER!$C$5:$C$504,MATCH($I28,MCC_MASTER!$A$5:$A$504,0))),"Chưa phân loại")) -> Utilities & Telecom | L28: 300000 | M28: =IF(OR($B28="",$D28=""),"",IF($AC28=0,0,IF(ISNUMBER(INDEX(CASHBACK_RULES!$L$5:$L$304,$AC28)),MAX(0,MIN($L28,INDEX(CASHBACK_RULES!$L$5:$L$304,$AC28)-$AH28)),MAX(0,$L28)))) -> 300000 | N28: =IF(OR($B28="",$D28=""),"",IF($AC28>0,INDEX(CASHBACK_RULES!$I$5:$I$304,$AC28),0)) -> 0.05 | O28: =IF(OR($B28="",$D28=""),"",ROUND($M28*$N28,0)) -> 15000 | P28: =IF($AC28>0,IF(ISNUMBER(INDEX(CASHBACK_RULES!$J$5:$J$304,$AC28)),INDEX(CASHBACK_RULES!$J$5:$J$304,$AC28),"∞"),"") -> 300000 | Q28: =IF(OR($B28="",$D28=""),"",IF($AC28=0,0,MAX(0,MIN($O28,IF(ISNUMBER($P28),$P28-$AF28,1E+15),IF(ISNUMBER($AA28),$AA28-$AG28,1E+15))))) -> 15000 | R28: =IF(OR($B28="",$D28=""),"",IF($AC28=0,"",IF(AND(NOT(ISNUMBER($P28)),NOT(ISNUMBER($AA28))),"∞",MAX(0,MIN(IF(ISNUMBER($P28),$P28-$AF28-$Q28,1E+15),IF(ISNUMBER($AA28),$AA28-$AG28-$Q28,1E+15)))))) -> 285000 | S28: =IF($AD28="","",YEAR($AD28)*100+MONTH($AD28)) -> 202610 | T28: =IF($AD28="","",IFERROR(IF(INDEX(CARDS!$I$5:$I$34,MATCH($D28,CARDS!$A$5:$A$34,0))="","",IF(INDEX(CARDS!$I$5:$I$34,MATCH($D28,CARDS!$A$5:$A$34,0))>INDEX(CARDS!$H$5:$H$34,MATCH($D28,CARDS!$A$5:$A$34,0)),DATE(YEAR($AD28),MONTH($AD28),MIN(INDEX(CARDS!$I$5:$I$34,MATCH($D28,CARDS!$A$5:$A$34,0)),DAY(EOMONTH($AD28,0)))),DATE(YEAR($AD28),MONTH($AD28)+1,MIN(INDEX(CARDS!$I$5:$I$34,MATCH($D28,CARDS!$A$5:$A$34,0)),DAY(EOMONTH($AD28,1)))))),"")) -> 46336 | U28: Posted | V28: SAMPLE DATA — có thể xóa | X28: Chưa thanh toán | Y28: =IF($AC28>0,INDEX(CASHBACK_RULES!$A$5:$A$304,$AC28),"") -> R020 | Z28: =IF($AC28>0,INDEX(CASHBACK_RULES!$E$5:$E$304,$AC28)&"","") -> Group 3 | AA28: =IF($AC28>0,IF(ISNUMBER(INDEX(CASHBACK_RULES!$K$5:$K$304,$AC28)),INDEX(CASHBACK_RULES!$K$5:$K$304,$AC28),"∞"),"") -> 2000000 | AB28: =IF(OR($B28="",$D28=""),"",IF($U28="Cancelled","Đã hủy",IF($AC28=0,"Không được hoàn",IF($Q28=0,IF(OR($O28>0,$M28<$L28),"Đã đạt cap","Không được hoàn"),IF(OR($Q28<$O28,$M28<$L28),"Hoàn một phần","Được hoàn"))))) -> Được hoàn | AC28: =IF(OR($B28="",$D28="",$I28="",$L28=""),0,IF($U28="Cancelled",0,IF($W28<>"",IFERROR(IF(INDEX(CASHBACK_RULES!$B$5:$B$304,MATCH($W28,CASHBACK_RULES!$A$5:$A$304,0))=$D28,MATCH($W28,CASHBACK_RULES!$A$5:$A$304,0),0),0),IFERROR(MATCH(1,INDEX((CASHBACK_RULES!$B$5:$B$304=$D28)*(CASHBACK_RULES!$G$5:$G$304=$I28)*(((CASHBACK_RULES!$N$5:$N$304="")+(CASHBACK_RULES!$N$5:$N$304<=$B28))>0)*(((CASHBACK_RULES!$O$5:$O$304="")+(CASHBACK_RULES!$O$5:$O$304>=$B28))>0)*(((CASHBACK_RULES!$M$5:$M$304="")+(CASHBACK_RULES!$M$5:$M$304<=$L28))>0),0),0),0)))) -> 20 | AD28: =IF(OR($B28="",$D28=""),"",IFERROR(IF(INDEX(CARDS!$H$5:$H$34,MATCH($D28,CARDS!$A$5:$A$34,0))="","",IF(DAY($B28)<=INDEX(CARDS!$H$5:$H$34,MATCH($D28,CARDS!$A$5:$A$34,0)),DATE(YEAR($B28),MONTH($B28),MIN(INDEX(CARDS!$H$5:$H$34,MATCH($D28,CARDS!$A$5:$A$34,0)),DAY(EOMONTH($B28,0)))),DATE(YEAR($B28),MONTH($B28)+1,MIN(INDEX(CARDS!$H$5:$H$34,MATCH($D28,CARDS!$A$5:$A$34,0)),DAY(EOMONTH($B28,1)))))),"")) -> 46315 | AE28: =IF($C28="","",$C28&"|"&COUNTIF($C$5:$C28,$C28)) -> 202610|18 | AF28: =IF($AC28>0,SUMIFS(Q$4:Q27,$D$4:$D27,$D28,$Z$4:$Z27,$Z28,$C$4:$C27,$C28),0) -> 0 | AG28: =IF($AC28>0,SUMIFS(Q$4:Q27,$D$4:$D27,$D28,$C$4:$C27,$C28),0) -> 375000 | AH28: =IF($AC28>0,SUMIFS(M$4:M27,$D$4:$D27,$D28,$Z$4:$Z27,$Z28,$C$4:$C27,$C28),0) -> 0 | AI28: =IF(OR($C28="",$I28=""),0,IF(COUNTIFS($C$5:$C28,$C28,$I$5:$I28,$I28)=1,1,0)) -> 1 | AJ28: =IF($AI28=1,SUMIFS($AI$4:$AI27,$C$4:$C27,$C28)+1,"") -> 12 | AK28: =IF(OR($C28="",$K28=""),0,IF(COUNTIFS($C$5:$C28,$C28,$K$5:$K28,$K28)=1,1,0)) -> 1 | AL28: =IF($AK28=1,SUMIFS($AK$4:$AK27,$C$4:$C27,$C28)+1,"") -> 8 | AM28: =IF(OR($C28="",$G28=""),0,IF(COUNTIFS($C$5:$C28,$C28,$G$5:$G28,$G28)=1,1,0)) -> 1 | AN28: =IF($AM28=1,SUMIFS($AM$4:$AM27,$C$4:$C27,$C28)+1,"") -> 17
A29: =IF(OR($B29="",$D29=""),"","TX"&TEXT(ROW()-4,"0000")) -> TX0025 | B29: 46300 | C29: =IF($B29="","",YEAR($B29)*100+MONTH($B29)) -> 202610 | D29: MB-D | E29: =IF($D29="","",IFERROR(INDEX(CARDS!$B$5:$B$34,MATCH($D29,CARDS!$A$5:$A$34,0)),"⚠ Card ID?")) -> MB | F29: =IF($D29="","",IFERROR(INDEX(CARDS!$C$5:$C$34,MATCH($D29,CARDS!$A$5:$A$34,0)),"⚠ Card ID?")) -> Cashback Demo D | G29: Kichi Kichi | H29: Ăn tối | I29: 5812 | J29: =IF($I29="","",IFERROR(INDEX(MCC_MASTER!$B$5:$B$504,MATCH($I29,MCC_MASTER!$A$5:$A$504,0)),"⚠ MCC chưa có")) -> Eating Places / Restaurants | K29: =IF($I29="","",IFERROR(IF(INDEX(MCC_MASTER!$C$5:$C$504,MATCH($I29,MCC_MASTER!$A$5:$A$504,0))="","Chưa phân loại",INDEX(MCC_MASTER!$C$5:$C$504,MATCH($I29,MCC_MASTER!$A$5:$A$504,0))),"Chưa phân loại")) -> Dining | L29: 6000000 | M29: =IF(OR($B29="",$D29=""),"",IF($AC29=0,0,IF(ISNUMBER(INDEX(CASHBACK_RULES!$L$5:$L$304,$AC29)),MAX(0,MIN($L29,INDEX(CASHBACK_RULES!$L$5:$L$304,$AC29)-$AH29)),MAX(0,$L29)))) -> 5000000 | N29: =IF(OR($B29="",$D29=""),"",IF($AC29>0,INDEX(CASHBACK_RULES!$I$5:$I$304,$AC29),0)) -> 0.08 | O29: =IF(OR($B29="",$D29=""),"",ROUND($M29*$N29,0)) -> 400000 | P29: =IF($AC29>0,IF(ISNUMBER(INDEX(CASHBACK_RULES!$J$5:$J$304,$AC29)),INDEX(CASHBACK_RULES!$J$5:$J$304,$AC29),"∞"),"") -> 500000 | Q29: =IF(OR($B29="",$D29=""),"",IF($AC29=0,0,MAX(0,MIN($O29,IF(ISNUMBER($P29),$P29-$AF29,1E+15),IF(ISNUMBER($AA29),$AA29-$AG29,1E+15))))) -> 400000 | R29: =IF(OR($B29="",$D29=""),"",IF($AC29=0,"",IF(AND(NOT(ISNUMBER($P29)),NOT(ISNUMBER($AA29))),"∞",MAX(0,MIN(IF(ISNUMBER($P29),$P29-$AF29-$Q29,1E+15),IF(ISNUMBER($AA29),$AA29-$AG29-$Q29,1E+15)))))) -> 100000 | S29: =IF($AD29="","",YEAR($AD29)*100+MONTH($AD29)) -> 202611 | T29: =IF($AD29="","",IFERROR(IF(INDEX(CARDS!$I$5:$I$34,MATCH($D29,CARDS!$A$5:$A$34,0))="","",IF(INDEX(CARDS!$I$5:$I$34,MATCH($D29,CARDS!$A$5:$A$34,0))>INDEX(CARDS!$H$5:$H$34,MATCH($D29,CARDS!$A$5:$A$34,0)),DATE(YEAR($AD29),MONTH($AD29),MIN(INDEX(CARDS!$I$5:$I$34,MATCH($D29,CARDS!$A$5:$A$34,0)),DAY(EOMONTH($AD29,0)))),DATE(YEAR($AD29),MONTH($AD29)+1,MIN(INDEX(CARDS!$I$5:$I$34,MATCH($D29,CARDS!$A$5:$A$34,0)),DAY(EOMONTH($AD29,1)))))),"")) -> 46334 | U29: Posted | V29: SAMPLE DATA — có thể xóa — Max Eligible Spending 5tr | X29: Chưa thanh toán | Y29: =IF($AC29>0,INDEX(CASHBACK_RULES!$A$5:$A$304,$AC29),"") -> R024 | Z29: =IF($AC29>0,INDEX(CASHBACK_RULES!$E$5:$E$304,$AC29)&"","") -> Dining | AA29: =IF($AC29>0,IF(ISNUMBER(INDEX(CASHBACK_RULES!$K$5:$K$304,$AC29)),INDEX(CASHBACK_RULES!$K$5:$K$304,$AC29),"∞"),"") -> 600000 | AB29: =IF(OR($B29="",$D29=""),"",IF($U29="Cancelled","Đã hủy",IF($AC29=0,"Không được hoàn",IF($Q29=0,IF(OR($O29>0,$M29<$L29),"Đã đạt cap","Không được hoàn"),IF(OR($Q29<$O29,$M29<$L29),"Hoàn một phần","Được hoàn"))))) -> Hoàn một phần | AC29: =IF(OR($B29="",$D29="",$I29="",$L29=""),0,IF($U29="Cancelled",0,IF($W29<>"",IFERROR(IF(INDEX(CASHBACK_RULES!$B$5:$B$304,MATCH($W29,CASHBACK_RULES!$A$5:$A$304,0))=$D29,MATCH($W29,CASHBACK_RULES!$A$5:$A$304,0),0),0),IFERROR(MATCH(1,INDEX((CASHBACK_RULES!$B$5:$B$304=$D29)*(CASHBACK_RULES!$G$5:$G$304=$I29)*(((CASHBACK_RULES!$N$5:$N$304="")+(CASHBACK_RULES!$N$5:$N$304<=$B29))>0)*(((CASHBACK_RULES!$O$5:$O$304="")+(CASHBACK_RULES!$O$5:$O$304>=$B29))>0)*(((CASHBACK_RULES!$M$5:$M$304="")+(CASHBACK_RULES!$M$5:$M$304<=$L29))>0),0),0),0)))) -> 24 | AD29: =IF(OR($B29="",$D29=""),"",IFERROR(IF(INDEX(CARDS!$H$5:$H$34,MATCH($D29,CARDS!$A$5:$A$34,0))="","",IF(DAY($B29)<=INDEX(CARDS!$H$5:$H$34,MATCH($D29,CARDS!$A$5:$A$34,0)),DATE(YEAR($B29),MONTH($B29),MIN(INDEX(CARDS!$H$5:$H$34,MATCH($D29,CARDS!$A$5:$A$34,0)),DAY(EOMONTH($B29,0)))),DATE(YEAR($B29),MONTH($B29)+1,MIN(INDEX(CARDS!$H$5:$H$34,MATCH($D29,CARDS!$A$5:$A$34,0)),DAY(EOMONTH($B29,1)))))),"")) -> 46327 | AE29: =IF($C29="","",$C29&"|"&COUNTIF($C$5:$C29,$C29)) -> 202610|19 | AF29: =IF($AC29>0,SUMIFS(Q$4:Q28,$D$4:$D28,$D29,$Z$4:$Z28,$Z29,$C$4:$C28,$C29),0) -> 0 | AG29: =IF($AC29>0,SUMIFS(Q$4:Q28,$D$4:$D28,$D29,$C$4:$C28,$C29),0) -> 0 | AH29: =IF($AC29>0,SUMIFS(M$4:M28,$D$4:$D28,$D29,$Z$4:$Z28,$Z29,$C$4:$C28,$C29),0) -> 0 | AI29: =IF(OR($C29="",$I29=""),0,IF(COUNTIFS($C$5:$C29,$C29,$I$5:$I29,$I29)=1,1,0)) -> 0 | AJ29: =IF($AI29=1,SUMIFS($AI$4:$AI28,$C$4:$C28,$C29)+1,"") | AK29: =IF(OR($C29="",$K29=""),0,IF(COUNTIFS($C$5:$C29,$C29,$K$5:$K29,$K29)=1,1,0)) -> 0 | AL29: =IF($AK29=1,SUMIFS($AK$4:$AK28,$C$4:$C28,$C29)+1,"") | AM29: =IF(OR($C29="",$G29=""),0,IF(COUNTIFS($C$5:$C29,$C29,$G$5:$G29,$G29)=1,1,0)) -> 1 | AN29: =IF($AM29=1,SUMIFS($AM$4:$AM28,$C$4:$C28,$C29)+1,"") -> 18
A30: =IF(OR($B30="",$D30=""),"","TX"&TEXT(ROW()-4,"0000")) -> TX0026 | B30: 46300 | C30: =IF($B30="","",YEAR($B30)*100+MONTH($B30)) -> 202610 | D30: MB-D | E30: =IF($D30="","",IFERROR(INDEX(CARDS!$B$5:$B$34,MATCH($D30,CARDS!$A$5:$A$34,0)),"⚠ Card ID?")) -> MB | F30: =IF($D30="","",IFERROR(INDEX(CARDS!$C$5:$C$34,MATCH($D30,CARDS!$A$5:$A$34,0)),"⚠ Card ID?")) -> Cashback Demo D | G30: Circle K | H30: Mua vặt | I30: 5411 | J30: =IF($I30="","",IFERROR(INDEX(MCC_MASTER!$B$5:$B$504,MATCH($I30,MCC_MASTER!$A$5:$A$504,0)),"⚠ MCC chưa có")) -> Grocery Stores / Supermarkets | K30: =IF($I30="","",IFERROR(IF(INDEX(MCC_MASTER!$C$5:$C$504,MATCH($I30,MCC_MASTER!$A$5:$A$504,0))="","Chưa phân loại",INDEX(MCC_MASTER!$C$5:$C$504,MATCH($I30,MCC_MASTER!$A$5:$A$504,0))),"Chưa phân loại")) -> Groceries | L30: 50000 | M30: =IF(OR($B30="",$D30=""),"",IF($AC30=0,0,IF(ISNUMBER(INDEX(CASHBACK_RULES!$L$5:$L$304,$AC30)),MAX(0,MIN($L30,INDEX(CASHBACK_RULES!$L$5:$L$304,$AC30)-$AH30)),MAX(0,$L30)))) -> 0 | N30: =IF(OR($B30="",$D30=""),"",IF($AC30>0,INDEX(CASHBACK_RULES!$I$5:$I$304,$AC30),0)) -> 0 | O30: =IF(OR($B30="",$D30=""),"",ROUND($M30*$N30,0)) -> 0 | P30: =IF($AC30>0,IF(ISNUMBER(INDEX(CASHBACK_RULES!$J$5:$J$304,$AC30)),INDEX(CASHBACK_RULES!$J$5:$J$304,$AC30),"∞"),"") | Q30: =IF(OR($B30="",$D30=""),"",IF($AC30=0,0,MAX(0,MIN($O30,IF(ISNUMBER($P30),$P30-$AF30,1E+15),IF(ISNUMBER($AA30),$AA30-$AG30,1E+15))))) -> 0 | R30: =IF(OR($B30="",$D30=""),"",IF($AC30=0,"",IF(AND(NOT(ISNUMBER($P30)),NOT(ISNUMBER($AA30))),"∞",MAX(0,MIN(IF(ISNUMBER($P30),$P30-$AF30-$Q30,1E+15),IF(ISNUMBER($AA30),$AA30-$AG30-$Q30,1E+15)))))) | S30: =IF($AD30="","",YEAR($AD30)*100+MONTH($AD30)) -> 202611 | T30: =IF($AD30="","",IFERROR(IF(INDEX(CARDS!$I$5:$I$34,MATCH($D30,CARDS!$A$5:$A$34,0))="","",IF(INDEX(CARDS!$I$5:$I$34,MATCH($D30,CARDS!$A$5:$A$34,0))>INDEX(CARDS!$H$5:$H$34,MATCH($D30,CARDS!$A$5:$A$34,0)),DATE(YEAR($AD30),MONTH($AD30),MIN(INDEX(CARDS!$I$5:$I$34,MATCH($D30,CARDS!$A$5:$A$34,0)),DAY(EOMONTH($AD30,0)))),DATE(YEAR($AD30),MONTH($AD30)+1,MIN(INDEX(CARDS!$I$5:$I$34,MATCH($D30,CARDS!$A$5:$A$34,0)),DAY(EOMONTH($AD30,1)))))),"")) -> 46334 | U30: Posted | V30: SAMPLE DATA — có thể xóa — dưới Minimum Transaction | X30: Chưa thanh toán | Y30: =IF($AC30>0,INDEX(CASHBACK_RULES!$A$5:$A$304,$AC30),"") | Z30: =IF($AC30>0,INDEX(CASHBACK_RULES!$E$5:$E$304,$AC30)&"","") | AA30: =IF($AC30>0,IF(ISNUMBER(INDEX(CASHBACK_RULES!$K$5:$K$304,$AC30)),INDEX(CASHBACK_RULES!$K$5:$K$304,$AC30),"∞"),"") | AB30: =IF(OR($B30="",$D30=""),"",IF($U30="Cancelled","Đã hủy",IF($AC30=0,"Không được hoàn",IF($Q30=0,IF(OR($O30>0,$M30<$L30),"Đã đạt cap","Không được hoàn"),IF(OR($Q30<$O30,$M30<$L30),"Hoàn một phần","Được hoàn"))))) -> Không được hoàn | AC30: =IF(OR($B30="",$D30="",$I30="",$L30=""),0,IF($U30="Cancelled",0,IF($W30<>"",IFERROR(IF(INDEX(CASHBACK_RULES!$B$5:$B$304,MATCH($W30,CASHBACK_RULES!$A$5:$A$304,0))=$D30,MATCH($W30,CASHBACK_RULES!$A$5:$A$304,0),0),0),IFERROR(MATCH(1,INDEX((CASHBACK_RULES!$B$5:$B$304=$D30)*(CASHBACK_RULES!$G$5:$G$304=$I30)*(((CASHBACK_RULES!$N$5:$N$304="")+(CASHBACK_RULES!$N$5:$N$304<=$B30))>0)*(((CASHBACK_RULES!$O$5:$O$304="")+(CASHBACK_RULES!$O$5:$O$304>=$B30))>0)*(((CASHBACK_RULES!$M$5:$M$304="")+(CASHBACK_RULES!$M$5:$M$304<=$L30))>0),0),0),0)))) -> 0 | AD30: =IF(OR($B30="",$D30=""),"",IFERROR(IF(INDEX(CARDS!$H$5:$H$34,MATCH($D30,CARDS!$A$5:$A$34,0))="","",IF(DAY($B30)<=INDEX(CARDS!$H$5:$H$34,MATCH($D30,CARDS!$A$5:$A$34,0)),DATE(YEAR($B30),MONTH($B30),MIN(INDEX(CARDS!$H$5:$H$34,MATCH($D30,CARDS!$A$5:$A$34,0)),DAY(EOMONTH($B30,0)))),DATE(YEAR($B30),MONTH($B30)+1,MIN(INDEX(CARDS!$H$5:$H$34,MATCH($D30,CARDS!$A$5:$A$34,0)),DAY(EOMONTH($B30,1)))))),"")) -> 46327 | AE30: =IF($C30="","",$C30&"|"&COUNTIF($C$5:$C30,$C30)) -> 202610|20 | AF30: =IF($AC30>0,SUMIFS(Q$4:Q29,$D$4:$D29,$D30,$Z$4:$Z29,$Z30,$C$4:$C29,$C30),0) -> 0 | AG30: =IF($AC30>0,SUMIFS(Q$4:Q29,$D$4:$D29,$D30,$C$4:$C29,$C30),0) -> 0 | AH30: =IF($AC30>0,SUMIFS(M$4:M29,$D$4:$D29,$D30,$Z$4:$Z29,$Z30,$C$4:$C29,$C30),0) -> 0 | AI30: =IF(OR($C30="",$I30=""),0,IF(COUNTIFS($C$5:$C30,$C30,$I$5:$I30,$I30)=1,1,0)) -> 0 | AJ30: =IF($AI30=1,SUMIFS($AI$4:$AI29,$C$4:$C29,$C30)+1,"") | AK30: =IF(OR($C30="",$K30=""),0,IF(COUNTIFS($C$5:$C30,$C30,$K$5:$K30,$K30)=1,1,0)) -> 0 | AL30: =IF($AK30=1,SUMIFS($AK$4:$AK29,$C$4:$C29,$C30)+1,"") | AM30: =IF(OR($C30="",$G30=""),0,IF(COUNTIFS($C$5:$C30,$C30,$G$5:$G30,$G30)=1,1,0)) -> 1 | AN30: =IF($AM30=1,SUMIFS($AM$4:$AM29,$C$4:$C29,$C30)+1,"") -> 19
A31: =IF(OR($B31="",$D31=""),"","TX"&TEXT(ROW()-4,"0000")) -> TX0027 | B31: 46300 | C31: =IF($B31="","",YEAR($B31)*100+MONTH($B31)) -> 202610 | D31: MB-D | E31: =IF($D31="","",IFERROR(INDEX(CARDS!$B$5:$B$34,MATCH($D31,CARDS!$A$5:$A$34,0)),"⚠ Card ID?")) -> MB | F31: =IF($D31="","",IFERROR(INDEX(CARDS!$C$5:$C$34,MATCH($D31,CARDS!$A$5:$A$34,0)),"⚠ Card ID?")) -> Cashback Demo D | G31: WinMart | H31: Siêu thị | I31: 5411 | J31: =IF($I31="","",IFERROR(INDEX(MCC_MASTER!$B$5:$B$504,MATCH($I31,MCC_MASTER!$A$5:$A$504,0)),"⚠ MCC chưa có")) -> Grocery Stores / Supermarkets | K31: =IF($I31="","",IFERROR(IF(INDEX(MCC_MASTER!$C$5:$C$504,MATCH($I31,MCC_MASTER!$A$5:$A$504,0))="","Chưa phân loại",INDEX(MCC_MASTER!$C$5:$C$504,MATCH($I31,MCC_MASTER!$A$5:$A$504,0))),"Chưa phân loại")) -> Groceries | L31: 1500000 | M31: =IF(OR($B31="",$D31=""),"",IF($AC31=0,0,IF(ISNUMBER(INDEX(CASHBACK_RULES!$L$5:$L$304,$AC31)),MAX(0,MIN($L31,INDEX(CASHBACK_RULES!$L$5:$L$304,$AC31)-$AH31)),MAX(0,$L31)))) -> 1500000 | N31: =IF(OR($B31="",$D31=""),"",IF($AC31>0,INDEX(CASHBACK_RULES!$I$5:$I$304,$AC31),0)) -> 0.02 | O31: =IF(OR($B31="",$D31=""),"",ROUND($M31*$N31,0)) -> 30000 | P31: =IF($AC31>0,IF(ISNUMBER(INDEX(CASHBACK_RULES!$J$5:$J$304,$AC31)),INDEX(CASHBACK_RULES!$J$5:$J$304,$AC31),"∞"),"") -> 100000 | Q31: =IF(OR($B31="",$D31=""),"",IF($AC31=0,0,MAX(0,MIN($O31,IF(ISNUMBER($P31),$P31-$AF31,1E+15),IF(ISNUMBER($AA31),$AA31-$AG31,1E+15))))) -> 30000 | R31: =IF(OR($B31="",$D31=""),"",IF($AC31=0,"",IF(AND(NOT(ISNUMBER($P31)),NOT(ISNUMBER($AA31))),"∞",MAX(0,MIN(IF(ISNUMBER($P31),$P31-$AF31-$Q31,1E+15),IF(ISNUMBER($AA31),$AA31-$AG31-$Q31,1E+15)))))) -> 70000 | S31: =IF($AD31="","",YEAR($AD31)*100+MONTH($AD31)) -> 202611 | T31: =IF($AD31="","",IFERROR(IF(INDEX(CARDS!$I$5:$I$34,MATCH($D31,CARDS!$A$5:$A$34,0))="","",IF(INDEX(CARDS!$I$5:$I$34,MATCH($D31,CARDS!$A$5:$A$34,0))>INDEX(CARDS!$H$5:$H$34,MATCH($D31,CARDS!$A$5:$A$34,0)),DATE(YEAR($AD31),MONTH($AD31),MIN(INDEX(CARDS!$I$5:$I$34,MATCH($D31,CARDS!$A$5:$A$34,0)),DAY(EOMONTH($AD31,0)))),DATE(YEAR($AD31),MONTH($AD31)+1,MIN(INDEX(CARDS!$I$5:$I$34,MATCH($D31,CARDS!$A$5:$A$34,0)),DAY(EOMONTH($AD31,1)))))),"")) -> 46334 | U31: Posted | V31: SAMPLE DATA — có thể xóa | X31: Chưa thanh toán | Y31: =IF($AC31>0,INDEX(CASHBACK_RULES!$A$5:$A$304,$AC31),"") -> R026 | Z31: =IF($AC31>0,INDEX(CASHBACK_RULES!$E$5:$E$304,$AC31)&"","") -> Groceries | AA31: =IF($AC31>0,IF(ISNUMBER(INDEX(CASHBACK_RULES!$K$5:$K$304,$AC31)),INDEX(CASHBACK_RULES!$K$5:$K$304,$AC31),"∞"),"") -> 600000 | AB31: =IF(OR($B31="",$D31=""),"",IF($U31="Cancelled","Đã hủy",IF($AC31=0,"Không được hoàn",IF($Q31=0,IF(OR($O31>0,$M31<$L31),"Đã đạt cap","Không được hoàn"),IF(OR($Q31<$O31,$M31<$L31),"Hoàn một phần","Được hoàn"))))) -> Được hoàn | AC31: =IF(OR($B31="",$D31="",$I31="",$L31=""),0,IF($U31="Cancelled",0,IF($W31<>"",IFERROR(IF(INDEX(CASHBACK_RULES!$B$5:$B$304,MATCH($W31,CASHBACK_RULES!$A$5:$A$304,0))=$D31,MATCH($W31,CASHBACK_RULES!$A$5:$A$304,0),0),0),IFERROR(MATCH(1,INDEX((CASHBACK_RULES!$B$5:$B$304=$D31)*(CASHBACK_RULES!$G$5:$G$304=$I31)*(((CASHBACK_RULES!$N$5:$N$304="")+(CASHBACK_RULES!$N$5:$N$304<=$B31))>0)*(((CASHBACK_RULES!$O$5:$O$304="")+(CASHBACK_RULES!$O$5:$O$304>=$B31))>0)*(((CASHBACK_RULES!$M$5:$M$304="")+(CASHBACK_RULES!$M$5:$M$304<=$L31))>0),0),0),0)))) -> 26 | AD31: =IF(OR($B31="",$D31=""),"",IFERROR(IF(INDEX(CARDS!$H$5:$H$34,MATCH($D31,CARDS!$A$5:$A$34,0))="","",IF(DAY($B31)<=INDEX(CARDS!$H$5:$H$34,MATCH($D31,CARDS!$A$5:$A$34,0)),DATE(YEAR($B31),MONTH($B31),MIN(INDEX(CARDS!$H$5:$H$34,MATCH($D31,CARDS!$A$5:$A$34,0)),DAY(EOMONTH($B31,0)))),DATE(YEAR($B31),MONTH($B31)+1,MIN(INDEX(CARDS!$H$5:$H$34,MATCH($D31,CARDS!$A$5:$A$34,0)),DAY(EOMONTH($B31,1)))))),"")) -> 46327 | AE31: =IF($C31="","",$C31&"|"&COUNTIF($C$5:$C31,$C31)) -> 202610|21 | AF31: =IF($AC31>0,SUMIFS(Q$4:Q30,$D$4:$D30,$D31,$Z$4:$Z30,$Z31,$C$4:$C30,$C31),0) -> 0 | AG31: =IF($AC31>0,SUMIFS(Q$4:Q30,$D$4:$D30,$D31,$C$4:$C30,$C31),0) -> 400000 | AH31: =IF($AC31>0,SUMIFS(M$4:M30,$D$4:$D30,$D31,$Z$4:$Z30,$Z31,$C$4:$C30,$C31),0) -> 0 | AI31: =IF(OR($C31="",$I31=""),0,IF(COUNTIFS($C$5:$C31,$C31,$I$5:$I31,$I31)=1,1,0)) -> 0 | AJ31: =IF($AI31=1,SUMIFS($AI$4:$AI30,$C$4:$C30,$C31)+1,"") | AK31: =IF(OR($C31="",$K31=""),0,IF(COUNTIFS($C$5:$C31,$C31,$K$5:$K31,$K31)=1,1,0)) -> 0 | AL31: =IF($AK31=1,SUMIFS($AK$4:$AK30,$C$4:$C30,$C31)+1,"") | AM31: =IF(OR($C31="",$G31=""),0,IF(COUNTIFS($C$5:$C31,$C31,$G$5:$G31,$G31)=1,1,0)) -> 0 | AN31: =IF($AM31=1,SUMIFS($AM$4:$AM30,$C$4:$C30,$C31)+1,"")
A32: =IF(OR($B32="",$D32=""),"","TX"&TEXT(ROW()-4,"0000")) -> TX0028 | B32: 46300 | C32: =IF($B32="","",YEAR($B32)*100+MONTH($B32)) -> 202610 | D32: MB-D | E32: =IF($D32="","",IFERROR(INDEX(CARDS!$B$5:$B$34,MATCH($D32,CARDS!$A$5:$A$34,0)),"⚠ Card ID?")) -> MB | F32: =IF($D32="","",IFERROR(INDEX(CARDS!$C$5:$C$34,MATCH($D32,CARDS!$A$5:$A$34,0)),"⚠ Card ID?")) -> Cashback Demo D | G32: Petrolimex | H32: Xăng | I32: 5541 | J32: =IF($I32="","",IFERROR(INDEX(MCC_MASTER!$B$5:$B$504,MATCH($I32,MCC_MASTER!$A$5:$A$504,0)),"⚠ MCC chưa có")) -> Service Stations | K32: =IF($I32="","",IFERROR(IF(INDEX(MCC_MASTER!$C$5:$C$504,MATCH($I32,MCC_MASTER!$A$5:$A$504,0))="","Chưa phân loại",INDEX(MCC_MASTER!$C$5:$C$504,MATCH($I32,MCC_MASTER!$A$5:$A$504,0))),"Chưa phân loại")) -> Fuel | L32: 2000000 | M32: =IF(OR($B32="",$D32=""),"",IF($AC32=0,0,IF(ISNUMBER(INDEX(CASHBACK_RULES!$L$5:$L$304,$AC32)),MAX(0,MIN($L32,INDEX(CASHBACK_RULES!$L$5:$L$304,$AC32)-$AH32)),MAX(0,$L32)))) -> 2000000 | N32: =IF(OR($B32="",$D32=""),"",IF($AC32>0,INDEX(CASHBACK_RULES!$I$5:$I$304,$AC32),0)) -> 0.03 | O32: =IF(OR($B32="",$D32=""),"",ROUND($M32*$N32,0)) -> 60000 | P32: =IF($AC32>0,IF(ISNUMBER(INDEX(CASHBACK_RULES!$J$5:$J$304,$AC32)),INDEX(CASHBACK_RULES!$J$5:$J$304,$AC32),"∞"),"") -> 200000 | Q32: =IF(OR($B32="",$D32=""),"",IF($AC32=0,0,MAX(0,MIN($O32,IF(ISNUMBER($P32),$P32-$AF32,1E+15),IF(ISNUMBER($AA32),$AA32-$AG32,1E+15))))) -> 60000 | R32: =IF(OR($B32="",$D32=""),"",IF($AC32=0,"",IF(AND(NOT(ISNUMBER($P32)),NOT(ISNUMBER($AA32))),"∞",MAX(0,MIN(IF(ISNUMBER($P32),$P32-$AF32-$Q32,1E+15),IF(ISNUMBER($AA32),$AA32-$AG32-$Q32,1E+15)))))) -> 110000 | S32: =IF($AD32="","",YEAR($AD32)*100+MONTH($AD32)) -> 202611 | T32: =IF($AD32="","",IFERROR(IF(INDEX(CARDS!$I$5:$I$34,MATCH($D32,CARDS!$A$5:$A$34,0))="","",IF(INDEX(CARDS!$I$5:$I$34,MATCH($D32,CARDS!$A$5:$A$34,0))>INDEX(CARDS!$H$5:$H$34,MATCH($D32,CARDS!$A$5:$A$34,0)),DATE(YEAR($AD32),MONTH($AD32),MIN(INDEX(CARDS!$I$5:$I$34,MATCH($D32,CARDS!$A$5:$A$34,0)),DAY(EOMONTH($AD32,0)))),DATE(YEAR($AD32),MONTH($AD32)+1,MIN(INDEX(CARDS!$I$5:$I$34,MATCH($D32,CARDS!$A$5:$A$34,0)),DAY(EOMONTH($AD32,1)))))),"")) -> 46334 | U32: Posted | V32: SAMPLE DATA — có thể xóa | X32: Chưa thanh toán | Y32: =IF($AC32>0,INDEX(CASHBACK_RULES!$A$5:$A$304,$AC32),"") -> R025 | Z32: =IF($AC32>0,INDEX(CASHBACK_RULES!$E$5:$E$304,$AC32)&"","") -> Fuel | AA32: =IF($AC32>0,IF(ISNUMBER(INDEX(CASHBACK_RULES!$K$5:$K$304,$AC32)),INDEX(CASHBACK_RULES!$K$5:$K$304,$AC32),"∞"),"") -> 600000 | AB32: =IF(OR($B32="",$D32=""),"",IF($U32="Cancelled","Đã hủy",IF($AC32=0,"Không được hoàn",IF($Q32=0,IF(OR($O32>0,$M32<$L32),"Đã đạt cap","Không được hoàn"),IF(OR($Q32<$O32,$M32<$L32),"Hoàn một phần","Được hoàn"))))) -> Được hoàn | AC32: =IF(OR($B32="",$D32="",$I32="",$L32=""),0,IF($U32="Cancelled",0,IF($W32<>"",IFERROR(IF(INDEX(CASHBACK_RULES!$B$5:$B$304,MATCH($W32,CASHBACK_RULES!$A$5:$A$304,0))=$D32,MATCH($W32,CASHBACK_RULES!$A$5:$A$304,0),0),0),IFERROR(MATCH(1,INDEX((CASHBACK_RULES!$B$5:$B$304=$D32)*(CASHBACK_RULES!$G$5:$G$304=$I32)*(((CASHBACK_RULES!$N$5:$N$304="")+(CASHBACK_RULES!$N$5:$N$304<=$B32))>0)*(((CASHBACK_RULES!$O$5:$O$304="")+(CASHBACK_RULES!$O$5:$O$304>=$B32))>0)*(((CASHBACK_RULES!$M$5:$M$304="")+(CASHBACK_RULES!$M$5:$M$304<=$L32))>0),0),0),0)))) -> 25 | AD32: =IF(OR($B32="",$D32=""),"",IFERROR(IF(INDEX(CARDS!$H$5:$H$34,MATCH($D32,CARDS!$A$5:$A$34,0))="","",IF(DAY($B32)<=INDEX(CARDS!$H$5:$H$34,MATCH($D32,CARDS!$A$5:$A$34,0)),DATE(YEAR($B32),MONTH($B32),MIN(INDEX(CARDS!$H$5:$H$34,MATCH($D32,CARDS!$A$5:$A$34,0)),DAY(EOMONTH($B32,0)))),DATE(YEAR($B32),MONTH($B32)+1,MIN(INDEX(CARDS!$H$5:$H$34,MATCH($D32,CARDS!$A$5:$A$34,0)),DAY(EOMONTH($B32,1)))))),"")) -> 46327 | AE32: =IF($C32="","",$C32&"|"&COUNTIF($C$5:$C32,$C32)) -> 202610|22 | AF32: =IF($AC32>0,SUMIFS(Q$4:Q31,$D$4:$D31,$D32,$Z$4:$Z31,$Z32,$C$4:$C31,$C32),0) -> 0 | AG32: =IF($AC32>0,SUMIFS(Q$4:Q31,$D$4:$D31,$D32,$C$4:$C31,$C32),0) -> 430000 | AH32: =IF($AC32>0,SUMIFS(M$4:M31,$D$4:$D31,$D32,$Z$4:$Z31,$Z32,$C$4:$C31,$C32),0) -> 0 | AI32: =IF(OR($C32="",$I32=""),0,IF(COUNTIFS($C$5:$C32,$C32,$I$5:$I32,$I32)=1,1,0)) -> 0 | AJ32: =IF($AI32=1,SUMIFS($AI$4:$AI31,$C$4:$C31,$C32)+1,"") | AK32: =IF(OR($C32="",$K32=""),0,IF(COUNTIFS($C$5:$C32,$C32,$K$5:$K32,$K32)=1,1,0)) -> 0 | AL32: =IF($AK32=1,SUMIFS($AK$4:$AK31,$C$4:$C31,$C32)+1,"") | AM32: =IF(OR($C32="",$G32=""),0,IF(COUNTIFS($C$5:$C32,$C32,$G$5:$G32,$G32)=1,1,0)) -> 0 | AN32: =IF($AM32=1,SUMIFS($AM$4:$AM31,$C$4:$C31,$C32)+1,"")
A33: =IF(OR($B33="",$D33=""),"","TX"&TEXT(ROW()-4,"0000")) -> TX0029 | B33: 46300 | C33: =IF($B33="","",YEAR($B33)*100+MONTH($B33)) -> 202610 | D33: ACB-E | E33: =IF($D33="","",IFERROR(INDEX(CARDS!$B$5:$B$34,MATCH($D33,CARDS!$A$5:$A$34,0)),"⚠ Card ID?")) -> ACB | F33: =IF($D33="","",IFERROR(INDEX(CARDS!$C$5:$C$34,MATCH($D33,CARDS!$A$5:$A$34,0)),"⚠ Card ID?")) -> Demo E (không cashback) | G33: Shopee | H33: Online | I33: 5399 | J33: =IF($I33="","",IFERROR(INDEX(MCC_MASTER!$B$5:$B$504,MATCH($I33,MCC_MASTER!$A$5:$A$504,0)),"⚠ MCC chưa có")) -> Misc. General Merchandise | K33: =IF($I33="","",IFERROR(IF(INDEX(MCC_MASTER!$C$5:$C$504,MATCH($I33,MCC_MASTER!$A$5:$A$504,0))="","Chưa phân loại",INDEX(MCC_MASTER!$C$5:$C$504,MATCH($I33,MCC_MASTER!$A$5:$A$504,0))),"Chưa phân loại")) -> Shopping | L33: 1000000 | M33: =IF(OR($B33="",$D33=""),"",IF($AC33=0,0,IF(ISNUMBER(INDEX(CASHBACK_RULES!$L$5:$L$304,$AC33)),MAX(0,MIN($L33,INDEX(CASHBACK_RULES!$L$5:$L$304,$AC33)-$AH33)),MAX(0,$L33)))) -> 0 | N33: =IF(OR($B33="",$D33=""),"",IF($AC33>0,INDEX(CASHBACK_RULES!$I$5:$I$304,$AC33),0)) -> 0 | O33: =IF(OR($B33="",$D33=""),"",ROUND($M33*$N33,0)) -> 0 | P33: =IF($AC33>0,IF(ISNUMBER(INDEX(CASHBACK_RULES!$J$5:$J$304,$AC33)),INDEX(CASHBACK_RULES!$J$5:$J$304,$AC33),"∞"),"") | Q33: =IF(OR($B33="",$D33=""),"",IF($AC33=0,0,MAX(0,MIN($O33,IF(ISNUMBER($P33),$P33-$AF33,1E+15),IF(ISNUMBER($AA33),$AA33-$AG33,1E+15))))) -> 0 | R33: =IF(OR($B33="",$D33=""),"",IF($AC33=0,"",IF(AND(NOT(ISNUMBER($P33)),NOT(ISNUMBER($AA33))),"∞",MAX(0,MIN(IF(ISNUMBER($P33),$P33-$AF33-$Q33,1E+15),IF(ISNUMBER($AA33),$AA33-$AG33-$Q33,1E+15)))))) | S33: =IF($AD33="","",YEAR($AD33)*100+MONTH($AD33)) -> 202610 | T33: =IF($AD33="","",IFERROR(IF(INDEX(CARDS!$I$5:$I$34,MATCH($D33,CARDS!$A$5:$A$34,0))="","",IF(INDEX(CARDS!$I$5:$I$34,MATCH($D33,CARDS!$A$5:$A$34,0))>INDEX(CARDS!$H$5:$H$34,MATCH($D33,CARDS!$A$5:$A$34,0)),DATE(YEAR($AD33),MONTH($AD33),MIN(INDEX(CARDS!$I$5:$I$34,MATCH($D33,CARDS!$A$5:$A$34,0)),DAY(EOMONTH($AD33,0)))),DATE(YEAR($AD33),MONTH($AD33)+1,MIN(INDEX(CARDS!$I$5:$I$34,MATCH($D33,CARDS!$A$5:$A$34,0)),DAY(EOMONTH($AD33,1)))))),"")) -> 46329 | U33: Posted | V33: SAMPLE DATA — có thể xóa — thẻ không có rule | X33: Chưa thanh toán | Y33: =IF($AC33>0,INDEX(CASHBACK_RULES!$A$5:$A$304,$AC33),"") | Z33: =IF($AC33>0,INDEX(CASHBACK_RULES!$E$5:$E$304,$AC33)&"","") | AA33: =IF($AC33>0,IF(ISNUMBER(INDEX(CASHBACK_RULES!$K$5:$K$304,$AC33)),INDEX(CASHBACK_RULES!$K$5:$K$304,$AC33),"∞"),"") | AB33: =IF(OR($B33="",$D33=""),"",IF($U33="Cancelled","Đã hủy",IF($AC33=0,"Không được hoàn",IF($Q33=0,IF(OR($O33>0,$M33<$L33),"Đã đạt cap","Không được hoàn"),IF(OR($Q33<$O33,$M33<$L33),"Hoàn một phần","Được hoàn"))))) -> Không được hoàn | AC33: =IF(OR($B33="",$D33="",$I33="",$L33=""),0,IF($U33="Cancelled",0,IF($W33<>"",IFERROR(IF(INDEX(CASHBACK_RULES!$B$5:$B$304,MATCH($W33,CASHBACK_RULES!$A$5:$A$304,0))=$D33,MATCH($W33,CASHBACK_RULES!$A$5:$A$304,0),0),0),IFERROR(MATCH(1,INDEX((CASHBACK_RULES!$B$5:$B$304=$D33)*(CASHBACK_RULES!$G$5:$G$304=$I33)*(((CASHBACK_RULES!$N$5:$N$304="")+(CASHBACK_RULES!$N$5:$N$304<=$B33))>0)*(((CASHBACK_RULES!$O$5:$O$304="")+(CASHBACK_RULES!$O$5:$O$304>=$B33))>0)*(((CASHBACK_RULES!$M$5:$M$304="")+(CASHBACK_RULES!$M$5:$M$304<=$L33))>0),0),0),0)))) -> 0 | AD33: =IF(OR($B33="",$D33=""),"",IFERROR(IF(INDEX(CARDS!$H$5:$H$34,MATCH($D33,CARDS!$A$5:$A$34,0))="","",IF(DAY($B33)<=INDEX(CARDS!$H$5:$H$34,MATCH($D33,CARDS!$A$5:$A$34,0)),DATE(YEAR($B33),MONTH($B33),MIN(INDEX(CARDS!$H$5:$H$34,MATCH($D33,CARDS!$A$5:$A$34,0)),DAY(EOMONTH($B33,0)))),DATE(YEAR($B33),MONTH($B33)+1,MIN(INDEX(CARDS!$H$5:$H$34,MATCH($D33,CARDS!$A$5:$A$34,0)),DAY(EOMONTH($B33,1)))))),"")) -> 46310 | AE33: =IF($C33="","",$C33&"|"&COUNTIF($C$5:$C33,$C33)) -> 202610|23 | AF33: =IF($AC33>0,SUMIFS(Q$4:Q32,$D$4:$D32,$D33,$Z$4:$Z32,$Z33,$C$4:$C32,$C33),0) -> 0 | AG33: =IF($AC33>0,SUMIFS(Q$4:Q32,$D$4:$D32,$D33,$C$4:$C32,$C33),0) -> 0 | AH33: =IF($AC33>0,SUMIFS(M$4:M32,$D$4:$D32,$D33,$Z$4:$Z32,$Z33,$C$4:$C32,$C33),0) -> 0 | AI33: =IF(OR($C33="",$I33=""),0,IF(COUNTIFS($C$5:$C33,$C33,$I$5:$I33,$I33)=1,1,0)) -> 0 | AJ33: =IF($AI33=1,SUMIFS($AI$4:$AI32,$C$4:$C32,$C33)+1,"") | AK33: =IF(OR($C33="",$K33=""),0,IF(COUNTIFS($C$5:$C33,$C33,$K$5:$K33,$K33)=1,1,0)) -> 0 | AL33: =IF($AK33=1,SUMIFS($AK$4:$AK32,$C$4:$C32,$C33)+1,"") | AM33: =IF(OR($C33="",$G33=""),0,IF(COUNTIFS($C$5:$C33,$C33,$G$5:$G33,$G33)=1,1,0)) -> 1 | AN33: =IF($AM33=1,SUMIFS($AM$4:$AM32,$C$4:$C32,$C33)+1,"") -> 20
A34: =IF(OR($B34="",$D34=""),"","TX"&TEXT(ROW()-4,"0000")) -> TX0030 | B34: 46300 | C34: =IF($B34="","",YEAR($B34)*100+MONTH($B34)) -> 202610 | D34: VIB-A | E34: =IF($D34="","",IFERROR(INDEX(CARDS!$B$5:$B$34,MATCH($D34,CARDS!$A$5:$A$34,0)),"⚠ Card ID?")) -> VIB | F34: =IF($D34="","",IFERROR(INDEX(CARDS!$C$5:$C$34,MATCH($D34,CARDS!$A$5:$A$34,0)),"⚠ Card ID?")) -> Cashback Demo A | G34: Tiki | H34: Online | I34: 5311 | J34: =IF($I34="","",IFERROR(INDEX(MCC_MASTER!$B$5:$B$504,MATCH($I34,MCC_MASTER!$A$5:$A$504,0)),"⚠ MCC chưa có")) -> Department Stores | K34: =IF($I34="","",IFERROR(IF(INDEX(MCC_MASTER!$C$5:$C$504,MATCH($I34,MCC_MASTER!$A$5:$A$504,0))="","Chưa phân loại",INDEX(MCC_MASTER!$C$5:$C$504,MATCH($I34,MCC_MASTER!$A$5:$A$504,0))),"Chưa phân loại")) -> Shopping | L34: 1000000 | M34: =IF(OR($B34="",$D34=""),"",IF($AC34=0,0,IF(ISNUMBER(INDEX(CASHBACK_RULES!$L$5:$L$304,$AC34)),MAX(0,MIN($L34,INDEX(CASHBACK_RULES!$L$5:$L$304,$AC34)-$AH34)),MAX(0,$L34)))) -> 1000000 | N34: =IF(OR($B34="",$D34=""),"",IF($AC34>0,INDEX(CASHBACK_RULES!$I$5:$I$304,$AC34),0)) -> 0.1 | O34: =IF(OR($B34="",$D34=""),"",ROUND($M34*$N34,0)) -> 100000 | P34: =IF($AC34>0,IF(ISNUMBER(INDEX(CASHBACK_RULES!$J$5:$J$304,$AC34)),INDEX(CASHBACK_RULES!$J$5:$J$304,$AC34),"∞"),"") -> 500000 | Q34: =IF(OR($B34="",$D34=""),"",IF($AC34=0,0,MAX(0,MIN($O34,IF(ISNUMBER($P34),$P34-$AF34,1E+15),IF(ISNUMBER($AA34),$AA34-$AG34,1E+15))))) -> 0 | R34: =IF(OR($B34="",$D34=""),"",IF($AC34=0,"",IF(AND(NOT(ISNUMBER($P34)),NOT(ISNUMBER($AA34))),"∞",MAX(0,MIN(IF(ISNUMBER($P34),$P34-$AF34-$Q34,1E+15),IF(ISNUMBER($AA34),$AA34-$AG34-$Q34,1E+15)))))) -> 0 | S34: =IF($AD34="","",YEAR($AD34)*100+MONTH($AD34)) -> 202610 | T34: =IF($AD34="","",IFERROR(IF(INDEX(CARDS!$I$5:$I$34,MATCH($D34,CARDS!$A$5:$A$34,0))="","",IF(INDEX(CARDS!$I$5:$I$34,MATCH($D34,CARDS!$A$5:$A$34,0))>INDEX(CARDS!$H$5:$H$34,MATCH($D34,CARDS!$A$5:$A$34,0)),DATE(YEAR($AD34),MONTH($AD34),MIN(INDEX(CARDS!$I$5:$I$34,MATCH($D34,CARDS!$A$5:$A$34,0)),DAY(EOMONTH($AD34,0)))),DATE(YEAR($AD34),MONTH($AD34)+1,MIN(INDEX(CARDS!$I$5:$I$34,MATCH($D34,CARDS!$A$5:$A$34,0)),DAY(EOMONTH($AD34,1)))))),"")) -> 46320 | U34: Posted | V34: SAMPLE DATA — có thể xóa — nhóm 2 đã đạt cap | X34: Chưa thanh toán | Y34: =IF($AC34>0,INDEX(CASHBACK_RULES!$A$5:$A$304,$AC34),"") -> R013 | Z34: =IF($AC34>0,INDEX(CASHBACK_RULES!$E$5:$E$304,$AC34)&"","") -> Group 2 | AA34: =IF($AC34>0,IF(ISNUMBER(INDEX(CASHBACK_RULES!$K$5:$K$304,$AC34)),INDEX(CASHBACK_RULES!$K$5:$K$304,$AC34),"∞"),"") -> 1000000 | AB34: =IF(OR($B34="",$D34=""),"",IF($U34="Cancelled","Đã hủy",IF($AC34=0,"Không được hoàn",IF($Q34=0,IF(OR($O34>0,$M34<$L34),"Đã đạt cap","Không được hoàn"),IF(OR($Q34<$O34,$M34<$L34),"Hoàn một phần","Được hoàn"))))) -> Đã đạt cap | AC34: =IF(OR($B34="",$D34="",$I34="",$L34=""),0,IF($U34="Cancelled",0,IF($W34<>"",IFERROR(IF(INDEX(CASHBACK_RULES!$B$5:$B$304,MATCH($W34,CASHBACK_RULES!$A$5:$A$304,0))=$D34,MATCH($W34,CASHBACK_RULES!$A$5:$A$304,0),0),0),IFERROR(MATCH(1,INDEX((CASHBACK_RULES!$B$5:$B$304=$D34)*(CASHBACK_RULES!$G$5:$G$304=$I34)*(((CASHBACK_RULES!$N$5:$N$304="")+(CASHBACK_RULES!$N$5:$N$304<=$B34))>0)*(((CASHBACK_RULES!$O$5:$O$304="")+(CASHBACK_RULES!$O$5:$O$304>=$B34))>0)*(((CASHBACK_RULES!$M$5:$M$304="")+(CASHBACK_RULES!$M$5:$M$304<=$L34))>0),0),0),0)))) -> 13 | AD34: =IF(OR($B34="",$D34=""),"",IFERROR(IF(INDEX(CARDS!$H$5:$H$34,MATCH($D34,CARDS!$A$5:$A$34,0))="","",IF(DAY($B34)<=INDEX(CARDS!$H$5:$H$34,MATCH($D34,CARDS!$A$5:$A$34,0)),DATE(YEAR($B34),MONTH($B34),MIN(INDEX(CARDS!$H$5:$H$34,MATCH($D34,CARDS!$A$5:$A$34,0)),DAY(EOMONTH($B34,0)))),DATE(YEAR($B34),MONTH($B34)+1,MIN(INDEX(CARDS!$H$5:$H$34,MATCH($D34,CARDS!$A$5:$A$34,0)),DAY(EOMONTH($B34,1)))))),"")) -> 46300 | AE34: =IF($C34="","",$C34&"|"&COUNTIF($C$5:$C34,$C34)) -> 202610|24 | AF34: =IF($AC34>0,SUMIFS(Q$4:Q33,$D$4:$D33,$D34,$Z$4:$Z33,$Z34,$C$4:$C33,$C34),0) -> 500000 | AG34: =IF($AC34>0,SUMIFS(Q$4:Q33,$D$4:$D33,$D34,$C$4:$C33,$C34),0) -> 1000000 | AH34: =IF($AC34>0,SUMIFS(M$4:M33,$D$4:$D33,$D34,$Z$4:$Z33,$Z34,$C$4:$C33,$C34),0) -> 5000000 | AI34: =IF(OR($C34="",$I34=""),0,IF(COUNTIFS($C$5:$C34,$C34,$I$5:$I34,$I34)=1,1,0)) -> 0 | AJ34: =IF($AI34=1,SUMIFS($AI$4:$AI33,$C$4:$C33,$C34)+1,"") | AK34: =IF(OR($C34="",$K34=""),0,IF(COUNTIFS($C$5:$C34,$C34,$K$5:$K34,$K34)=1,1,0)) -> 0 | AL34: =IF($AK34=1,SUMIFS($AK$4:$AK33,$C$4:$C33,$C34)+1,"") | AM34: =IF(OR($C34="",$G34=""),0,IF(COUNTIFS($C$5:$C34,$C34,$G$5:$G34,$G34)=1,1,0)) -> 1 | AN34: =IF($AM34=1,SUMIFS($AM$4:$AM33,$C$4:$C33,$C34)+1,"") -> 21
A35: =IF(OR($B35="",$D35=""),"","TX"&TEXT(ROW()-4,"0000")) | C35: =IF($B35="","",YEAR($B35)*100+MONTH($B35)) | E35: =IF($D35="","",IFERROR(INDEX(CARDS!$B$5:$B$34,MATCH($D35,CARDS!$A$5:$A$34,0)),"⚠ Card ID?")) | F35: =IF($D35="","",IFERROR(INDEX(CARDS!$C$5:$C$34,MATCH($D35,CARDS!$A$5:$A$34,0)),"⚠ Card ID?")) | J35: =IF($I35="","",IFERROR(INDEX(MCC_MASTER!$B$5:$B$504,MATCH($I35,MCC_MASTER!$A$5:$A$504,0)),"⚠ MCC chưa có")) | K35: =IF($I35="","",IFERROR(IF(INDEX(MCC_MASTER!$C$5:$C$504,MATCH($I35,MCC_MASTER!$A$5:$A$504,0))="","Chưa phân loại",INDEX(MCC_MASTER!$C$5:$C$504,MATCH($I35,MCC_MASTER!$A$5:$A$504,0))),"Chưa phân loại")) | M35: =IF(OR($B35="",$D35=""),"",IF($AC35=0,0,IF(ISNUMBER(INDEX(CASHBACK_RULES!$L$5:$L$304,$AC35)),MAX(0,MIN($L35,INDEX(CASHBACK_RULES!$L$5:$L$304,$AC35)-$AH35)),MAX(0,$L35)))) | N35: =IF(OR($B35="",$D35=""),"",IF($AC35>0,INDEX(CASHBACK_RULES!$I$5:$I$304,$AC35),0)) | O35: =IF(OR($B35="",$D35=""),"",ROUND($M35*$N35,0)) | P35: =IF($AC35>0,IF(ISNUMBER(INDEX(CASHBACK_RULES!$J$5:$J$304,$AC35)),INDEX(CASHBACK_RULES!$J$5:$J$304,$AC35),"∞"),"") | Q35: =IF(OR($B35="",$D35=""),"",IF($AC35=0,0,MAX(0,MIN($O35,IF(ISNUMBER($P35),$P35-$AF35,1E+15),IF(ISNUMBER($AA35),$AA35-$AG35,1E+15))))) | R35: =IF(OR($B35="",$D35=""),"",IF($AC35=0,"",IF(AND(NOT(ISNUMBER($P35)),NOT(ISNUMBER($AA35))),"∞",MAX(0,MIN(IF(ISNUMBER($P35),$P35-$AF35-$Q35,1E+15),IF(ISNUMBER($AA35),$AA35-$AG35-$Q35,1E+15)))))) | S35: =IF($AD35="","",YEAR($AD35)*100+MONTH($AD35)) | T35: =IF($AD35="","",IFERROR(IF(INDEX(CARDS!$I$5:$I$34,MATCH($D35,CARDS!$A$5:$A$34,0))="","",IF(INDEX(CARDS!$I$5:$I$34,MATCH($D35,CARDS!$A$5:$A$34,0))>INDEX(CARDS!$H$5:$H$34,MATCH($D35,CARDS!$A$5:$A$34,0)),DATE(YEAR($AD35),MONTH($AD35),MIN(INDEX(CARDS!$I$5:$I$34,MATCH($D35,CARDS!$A$5:$A$34,0)),DAY(EOMONTH($AD35,0)))),DATE(YEAR($AD35),MONTH($AD35)+1,MIN(INDEX(CARDS!$I$5:$I$34,MATCH($D35,CARDS!$A$5:$A$34,0)),DAY(EOMONTH($AD35,1)))))),"")) | Y35: =IF($AC35>0,INDEX(CASHBACK_RULES!$A$5:$A$304,$AC35),"") | Z35: =IF($AC35>0,INDEX(CASHBACK_RULES!$E$5:$E$304,$AC35)&"","") | AA35: =IF($AC35>0,IF(ISNUMBER(INDEX(CASHBACK_RULES!$K$5:$K$304,$AC35)),INDEX(CASHBACK_RULES!$K$5:$K$304,$AC35),"∞"),"") | AB35: =IF(OR($B35="",$D35=""),"",IF($U35="Cancelled","Đã hủy",IF($AC35=0,"Không được hoàn",IF($Q35=0,IF(OR($O35>0,$M35<$L35),"Đã đạt cap","Không được hoàn"),IF(OR($Q35<$O35,$M35<$L35),"Hoàn một phần","Được hoàn"))))) | AC35: =IF(OR($B35="",$D35="",$I35="",$L35=""),0,IF($U35="Cancelled",0,IF($W35<>"",IFERROR(IF(INDEX(CASHBACK_RULES!$B$5:$B$304,MATCH($W35,CASHBACK_RULES!$A$5:$A$304,0))=$D35,MATCH($W35,CASHBACK_RULES!$A$5:$A$304,0),0),0),IFERROR(MATCH(1,INDEX((CASHBACK_RULES!$B$5:$B$304=$D35)*(CASHBACK_RULES!$G$5:$G$304=$I35)*(((CASHBACK_RULES!$N$5:$N$304="")+(CASHBACK_RULES!$N$5:$N$304<=$B35))>0)*(((CASHBACK_RULES!$O$5:$O$304="")+(CASHBACK_RULES!$O$5:$O$304>=$B35))>0)*(((CASHBACK_RULES!$M$5:$M$304="")+(CASHBACK_RULES!$M$5:$M$304<=$L35))>0),0),0),0)))) -> 0 | AD35: =IF(OR($B35="",$D35=""),"",IFERROR(IF(INDEX(CARDS!$H$5:$H$34,MATCH($D35,CARDS!$A$5:$A$34,0))="","",IF(DAY($B35)<=INDEX(CARDS!$H$5:$H$34,MATCH($D35,CARDS!$A$5:$A$34,0)),DATE(YEAR($B35),MONTH($B35),MIN(INDEX(CARDS!$H$5:$H$34,MATCH($D35,CARDS!$A$5:$A$34,0)),DAY(EOMONTH($B35,0)))),DATE(YEAR($B35),MONTH($B35)+1,MIN(INDEX(CARDS!$H$5:$H$34,MATCH($D35,CARDS!$A$5:$A$34,0)),DAY(EOMONTH($B35,1)))))),"")) | AE35: =IF($C35="","",$C35&"|"&COUNTIF($C$5:$C35,$C35)) | AF35: =IF($AC35>0,SUMIFS(Q$4:Q34,$D$4:$D34,$D35,$Z$4:$Z34,$Z35,$C$4:$C34,$C35),0) -> 0 | AG35: =IF($AC35>0,SUMIFS(Q$4:Q34,$D$4:$D34,$D35,$C$4:$C34,$C35),0) -> 0 | AH35: =IF($AC35>0,SUMIFS(M$4:M34,$D$4:$D34,$D35,$Z$4:$Z34,$Z35,$C$4:$C34,$C35),0) -> 0 | AI35: =IF(OR($C35="",$I35=""),0,IF(COUNTIFS($C$5:$C35,$C35,$I$5:$I35,$I35)=1,1,0)) -> 0 | AJ35: =IF($AI35=1,SUMIFS($AI$4:$AI34,$C$4:$C34,$C35)+1,"") | AK35: =IF(OR($C35="",$K35=""),0,IF(COUNTIFS($C$5:$C35,$C35,$K$5:$K35,$K35)=1,1,0)) -> 0 | AL35: =IF($AK35=1,SUMIFS($AK$4:$AK34,$C$4:$C34,$C35)+1,"") | AM35: =IF(OR($C35="",$G35=""),0,IF(COUNTIFS($C$5:$C35,$C35,$G$5:$G35,$G35)=1,1,0)) -> 0 | AN35: =IF($AM35=1,SUMIFS($AM$4:$AM34,$C$4:$C34,$C35)+1,"")
A36: =IF(OR($B36="",$D36=""),"","TX"&TEXT(ROW()-4,"0000")) | C36: =IF($B36="","",YEAR($B36)*100+MONTH($B36)) | E36: =IF($D36="","",IFERROR(INDEX(CARDS!$B$5:$B$34,MATCH($D36,CARDS!$A$5:$A$34,0)),"⚠ Card ID?")) | F36: =IF($D36="","",IFERROR(INDEX(CARDS!$C$5:$C$34,MATCH($D36,CARDS!$A$5:$A$34,0)),"⚠ Card ID?")) | J36: =IF($I36="","",IFERROR(INDEX(MCC_MASTER!$B$5:$B$504,MATCH($I36,MCC_MASTER!$A$5:$A$504,0)),"⚠ MCC chưa có")) | K36: =IF($I36="","",IFERROR(IF(INDEX(MCC_MASTER!$C$5:$C$504,MATCH($I36,MCC_MASTER!$A$5:$A$504,0))="","Chưa phân loại",INDEX(MCC_MASTER!$C$5:$C$504,MATCH($I36,MCC_MASTER!$A$5:$A$504,0))),"Chưa phân loại")) | M36: =IF(OR($B36="",$D36=""),"",IF($AC36=0,0,IF(ISNUMBER(INDEX(CASHBACK_RULES!$L$5:$L$304,$AC36)),MAX(0,MIN($L36,INDEX(CASHBACK_RULES!$L$5:$L$304,$AC36)-$AH36)),MAX(0,$L36)))) | N36: =IF(OR($B36="",$D36=""),"",IF($AC36>0,INDEX(CASHBACK_RULES!$I$5:$I$304,$AC36),0)) | O36: =IF(OR($B36="",$D36=""),"",ROUND($M36*$N36,0)) | P36: =IF($AC36>0,IF(ISNUMBER(INDEX(CASHBACK_RULES!$J$5:$J$304,$AC36)),INDEX(CASHBACK_RULES!$J$5:$J$304,$AC36),"∞"),"") | Q36: =IF(OR($B36="",$D36=""),"",IF($AC36=0,0,MAX(0,MIN($O36,IF(ISNUMBER($P36),$P36-$AF36,1E+15),IF(ISNUMBER($AA36),$AA36-$AG36,1E+15))))) | R36: =IF(OR($B36="",$D36=""),"",IF($AC36=0,"",IF(AND(NOT(ISNUMBER($P36)),NOT(ISNUMBER($AA36))),"∞",MAX(0,MIN(IF(ISNUMBER($P36),$P36-$AF36-$Q36,1E+15),IF(ISNUMBER($AA36),$AA36-$AG36-$Q36,1E+15)))))) | S36: =IF($AD36="","",YEAR($AD36)*100+MONTH($AD36)) | T36: =IF($AD36="","",IFERROR(IF(INDEX(CARDS!$I$5:$I$34,MATCH($D36,CARDS!$A$5:$A$34,0))="","",IF(INDEX(CARDS!$I$5:$I$34,MATCH($D36,CARDS!$A$5:$A$34,0))>INDEX(CARDS!$H$5:$H$34,MATCH($D36,CARDS!$A$5:$A$34,0)),DATE(YEAR($AD36),MONTH($AD36),MIN(INDEX(CARDS!$I$5:$I$34,MATCH($D36,CARDS!$A$5:$A$34,0)),DAY(EOMONTH($AD36,0)))),DATE(YEAR($AD36),MONTH($AD36)+1,MIN(INDEX(CARDS!$I$5:$I$34,MATCH($D36,CARDS!$A$5:$A$34,0)),DAY(EOMONTH($AD36,1)))))),"")) | Y36: =IF($AC36>0,INDEX(CASHBACK_RULES!$A$5:$A$304,$AC36),"") | Z36: =IF($AC36>0,INDEX(CASHBACK_RULES!$E$5:$E$304,$AC36)&"","") | AA36: =IF($AC36>0,IF(ISNUMBER(INDEX(CASHBACK_RULES!$K$5:$K$304,$AC36)),INDEX(CASHBACK_RULES!$K$5:$K$304,$AC36),"∞"),"") | AB36: =IF(OR($B36="",$D36=""),"",IF($U36="Cancelled","Đã hủy",IF($AC36=0,"Không được hoàn",IF($Q36=0,IF(OR($O36>0,$M36<$L36),"Đã đạt cap","Không được hoàn"),IF(OR($Q36<$O36,$M36<$L36),"Hoàn một phần","Được hoàn"))))) | AC36: =IF(OR($B36="",$D36="",$I36="",$L36=""),0,IF($U36="Cancelled",0,IF($W36<>"",IFERROR(IF(INDEX(CASHBACK_RULES!$B$5:$B$304,MATCH($W36,CASHBACK_RULES!$A$5:$A$304,0))=$D36,MATCH($W36,CASHBACK_RULES!$A$5:$A$304,0),0),0),IFERROR(MATCH(1,INDEX((CASHBACK_RULES!$B$5:$B$304=$D36)*(CASHBACK_RULES!$G$5:$G$304=$I36)*(((CASHBACK_RULES!$N$5:$N$304="")+(CASHBACK_RULES!$N$5:$N$304<=$B36))>0)*(((CASHBACK_RULES!$O$5:$O$304="")+(CASHBACK_RULES!$O$5:$O$304>=$B36))>0)*(((CASHBACK_RULES!$M$5:$M$304="")+(CASHBACK_RULES!$M$5:$M$304<=$L36))>0),0),0),0)))) -> 0 | AD36: =IF(OR($B36="",$D36=""),"",IFERROR(IF(INDEX(CARDS!$H$5:$H$34,MATCH($D36,CARDS!$A$5:$A$34,0))="","",IF(DAY($B36)<=INDEX(CARDS!$H$5:$H$34,MATCH($D36,CARDS!$A$5:$A$34,0)),DATE(YEAR($B36),MONTH($B36),MIN(INDEX(CARDS!$H$5:$H$34,MATCH($D36,CARDS!$A$5:$A$34,0)),DAY(EOMONTH($B36,0)))),DATE(YEAR($B36),MONTH($B36)+1,MIN(INDEX(CARDS!$H$5:$H$34,MATCH($D36,CARDS!$A$5:$A$34,0)),DAY(EOMONTH($B36,1)))))),"")) | AE36: =IF($C36="","",$C36&"|"&COUNTIF($C$5:$C36,$C36)) | AF36: =IF($AC36>0,SUMIFS(Q$4:Q35,$D$4:$D35,$D36,$Z$4:$Z35,$Z36,$C$4:$C35,$C36),0) -> 0 | AG36: =IF($AC36>0,SUMIFS(Q$4:Q35,$D$4:$D35,$D36,$C$4:$C35,$C36),0) -> 0 | AH36: =IF($AC36>0,SUMIFS(M$4:M35,$D$4:$D35,$D36,$Z$4:$Z35,$Z36,$C$4:$C35,$C36),0) -> 0 | AI36: =IF(OR($C36="",$I36=""),0,IF(COUNTIFS($C$5:$C36,$C36,$I$5:$I36,$I36)=1,1,0)) -> 0 | AJ36: =IF($AI36=1,SUMIFS($AI$4:$AI35,$C$4:$C35,$C36)+1,"") | AK36: =IF(OR($C36="",$K36=""),0,IF(COUNTIFS($C$5:$C36,$C36,$K$5:$K36,$K36)=1,1,0)) -> 0 | AL36: =IF($AK36=1,SUMIFS($AK$4:$AK35,$C$4:$C35,$C36)+1,"") | AM36: =IF(OR($C36="",$G36=""),0,IF(COUNTIFS($C$5:$C36,$C36,$G$5:$G36,$G36)=1,1,0)) -> 0 | AN36: =IF($AM36=1,SUMIFS($AM$4:$AM35,$C$4:$C35,$C36)+1,"")
A37: =IF(OR($B37="",$D37=""),"","TX"&TEXT(ROW()-4,"0000")) | C37: =IF($B37="","",YEAR($B37)*100+MONTH($B37)) | E37: =IF($D37="","",IFERROR(INDEX(CARDS!$B$5:$B$34,MATCH($D37,CARDS!$A$5:$A$34,0)),"⚠ Card ID?")) | F37: =IF($D37="","",IFERROR(INDEX(CARDS!$C$5:$C$34,MATCH($D37,CARDS!$A$5:$A$34,0)),"⚠ Card ID?")) | J37: =IF($I37="","",IFERROR(INDEX(MCC_MASTER!$B$5:$B$504,MATCH($I37,MCC_MASTER!$A$5:$A$504,0)),"⚠ MCC chưa có")) | K37: =IF($I37="","",IFERROR(IF(INDEX(MCC_MASTER!$C$5:$C$504,MATCH($I37,MCC_MASTER!$A$5:$A$504,0))="","Chưa phân loại",INDEX(MCC_MASTER!$C$5:$C$504,MATCH($I37,MCC_MASTER!$A$5:$A$504,0))),"Chưa phân loại")) | M37: =IF(OR($B37="",$D37=""),"",IF($AC37=0,0,IF(ISNUMBER(INDEX(CASHBACK_RULES!$L$5:$L$304,$AC37)),MAX(0,MIN($L37,INDEX(CASHBACK_RULES!$L$5:$L$304,$AC37)-$AH37)),MAX(0,$L37)))) | N37: =IF(OR($B37="",$D37=""),"",IF($AC37>0,INDEX(CASHBACK_RULES!$I$5:$I$304,$AC37),0)) | O37: =IF(OR($B37="",$D37=""),"",ROUND($M37*$N37,0)) | P37: =IF($AC37>0,IF(ISNUMBER(INDEX(CASHBACK_RULES!$J$5:$J$304,$AC37)),INDEX(CASHBACK_RULES!$J$5:$J$304,$AC37),"∞"),"") | Q37: =IF(OR($B37="",$D37=""),"",IF($AC37=0,0,MAX(0,MIN($O37,IF(ISNUMBER($P37),$P37-$AF37,1E+15),IF(ISNUMBER($AA37),$AA37-$AG37,1E+15))))) | R37: =IF(OR($B37="",$D37=""),"",IF($AC37=0,"",IF(AND(NOT(ISNUMBER($P37)),NOT(ISNUMBER($AA37))),"∞",MAX(0,MIN(IF(ISNUMBER($P37),$P37-$AF37-$Q37,1E+15),IF(ISNUMBER($AA37),$AA37-$AG37-$Q37,1E+15)))))) | S37: =IF($AD37="","",YEAR($AD37)*100+MONTH($AD37)) | T37: =IF($AD37="","",IFERROR(IF(INDEX(CARDS!$I$5:$I$34,MATCH($D37,CARDS!$A$5:$A$34,0))="","",IF(INDEX(CARDS!$I$5:$I$34,MATCH($D37,CARDS!$A$5:$A$34,0))>INDEX(CARDS!$H$5:$H$34,MATCH($D37,CARDS!$A$5:$A$34,0)),DATE(YEAR($AD37),MONTH($AD37),MIN(INDEX(CARDS!$I$5:$I$34,MATCH($D37,CARDS!$A$5:$A$34,0)),DAY(EOMONTH($AD37,0)))),DATE(YEAR($AD37),MONTH($AD37)+1,MIN(INDEX(CARDS!$I$5:$I$34,MATCH($D37,CARDS!$A$5:$A$34,0)),DAY(EOMONTH($AD37,1)))))),"")) | Y37: =IF($AC37>0,INDEX(CASHBACK_RULES!$A$5:$A$304,$AC37),"") | Z37: =IF($AC37>0,INDEX(CASHBACK_RULES!$E$5:$E$304,$AC37)&"","") | AA37: =IF($AC37>0,IF(ISNUMBER(INDEX(CASHBACK_RULES!$K$5:$K$304,$AC37)),INDEX(CASHBACK_RULES!$K$5:$K$304,$AC37),"∞"),"") | AB37: =IF(OR($B37="",$D37=""),"",IF($U37="Cancelled","Đã hủy",IF($AC37=0,"Không được hoàn",IF($Q37=0,IF(OR($O37>0,$M37<$L37),"Đã đạt cap","Không được hoàn"),IF(OR($Q37<$O37,$M37<$L37),"Hoàn một phần","Được hoàn"))))) | AC37: =IF(OR($B37="",$D37="",$I37="",$L37=""),0,IF($U37="Cancelled",0,IF($W37<>"",IFERROR(IF(INDEX(CASHBACK_RULES!$B$5:$B$304,MATCH($W37,CASHBACK_RULES!$A$5:$A$304,0))=$D37,MATCH($W37,CASHBACK_RULES!$A$5:$A$304,0),0),0),IFERROR(MATCH(1,INDEX((CASHBACK_RULES!$B$5:$B$304=$D37)*(CASHBACK_RULES!$G$5:$G$304=$I37)*(((CASHBACK_RULES!$N$5:$N$304="")+(CASHBACK_RULES!$N$5:$N$304<=$B37))>0)*(((CASHBACK_RULES!$O$5:$O$304="")+(CASHBACK_RULES!$O$5:$O$304>=$B37))>0)*(((CASHBACK_RULES!$M$5:$M$304="")+(CASHBACK_RULES!$M$5:$M$304<=$L37))>0),0),0),0)))) -> 0 | AD37: =IF(OR($B37="",$D37=""),"",IFERROR(IF(INDEX(CARDS!$H$5:$H$34,MATCH($D37,CARDS!$A$5:$A$34,0))="","",IF(DAY($B37)<=INDEX(CARDS!$H$5:$H$34,MATCH($D37,CARDS!$A$5:$A$34,0)),DATE(YEAR($B37),MONTH($B37),MIN(INDEX(CARDS!$H$5:$H$34,MATCH($D37,CARDS!$A$5:$A$34,0)),DAY(EOMONTH($B37,0)))),DATE(YEAR($B37),MONTH($B37)+1,MIN(INDEX(CARDS!$H$5:$H$34,MATCH($D37,CARDS!$A$5:$A$34,0)),DAY(EOMONTH($B37,1)))))),"")) | AE37: =IF($C37="","",$C37&"|"&COUNTIF($C$5:$C37,$C37)) | AF37: =IF($AC37>0,SUMIFS(Q$4:Q36,$D$4:$D36,$D37,$Z$4:$Z36,$Z37,$C$4:$C36,$C37),0) -> 0 | AG37: =IF($AC37>0,SUMIFS(Q$4:Q36,$D$4:$D36,$D37,$C$4:$C36,$C37),0) -> 0 | AH37: =IF($AC37>0,SUMIFS(M$4:M36,$D$4:$D36,$D37,$Z$4:$Z36,$Z37,$C$4:$C36,$C37),0) -> 0 | AI37: =IF(OR($C37="",$I37=""),0,IF(COUNTIFS($C$5:$C37,$C37,$I$5:$I37,$I37)=1,1,0)) -> 0 | AJ37: =IF($AI37=1,SUMIFS($AI$4:$AI36,$C$4:$C36,$C37)+1,"") | AK37: =IF(OR($C37="",$K37=""),0,IF(COUNTIFS($C$5:$C37,$C37,$K$5:$K37,$K37)=1,1,0)) -> 0 | AL37: =IF($AK37=1,SUMIFS($AK$4:$AK36,$C$4:$C36,$C37)+1,"") | AM37: =IF(OR($C37="",$G37=""),0,IF(COUNTIFS($C$5:$C37,$C37,$G$5:$G37,$G37)=1,1,0)) -> 0 | AN37: =IF($AM37=1,SUMIFS($AM$4:$AM36,$C$4:$C36,$C37)+1,"")
